"Provider Approval Number","Service Approval Number","Legal Name","Trading Name",Address,Suburb,State,Postcode,"Date Approval Granted",Conditions
PR-00008098,,"Ufuomanefe Levy","Nefe's Family Day Care","CHARTERIS PARK, UNIT 4 15 CHARTERIS CR",CHIFLEY,ACT,2606,31/10/2012,"The Approved Provider, being Ufuomanefe Levy, must refrain from educating and caring for children, in any capacity, (outside of normal parental responsibilities) whilst engaged in the role of either an Approved Provider, Nominated Supervisor, Responsible Person or Family Day Care Co-ordinator, of an approved service, during the operational hours of the approved service."
PR-40017687,,"AEON ARTS LTD.",,"67 Schlich St",YARRALUMLA,ACT,2600,08/10/2018,
PR-40002324,,"AUSTRALIAN EDUCATION AND TRAINING SERVICES PTY LTD",,"62 Thynne Street",BRUCE,ACT,2617,08/08/2014,
PR-40002390,,"Little Smiles Early Childhood Centre Pty. Ltd.",,"38 May Gibbs Close",RICHARDSON,ACT,2905,21/08/2014,
PR-40036945,,"FIRST GENERICS PTY LTD",,"3 Strom St",WRIGHT,ACT,2611,10/04/2024,
PR-40013119,,"Caerus Early Learning Pty Ltd","Coombs Early Learning","PO BOX 3553",MANUKA,ACT,2603,10/10/2017,
PR-40013781,,"Stepping Stones Child Care (ACT) Pty Ltd as trustee for the Yerrabi Ponds Trust","Stepping Stones Child Care Centre (ACT) Pty Ltd","Unit 2  83 Gozzard Street",GUNGAHLIN,ACT,2912,14/12/2017,
PR-40021968,,"Insight Early Learning Joondalup Pty Ltd","Freo Kids Early Learning Joondalup","1 Pademelon St",THROSBY,ACT,2914,30/01/2020,
PR-00009864,,"INSIGHT EARLY LEARNING DUNSBOROUGH PTY LTD","Insight Early Learning Dunsborough","ALBA, UNIT 25 1 PADEMELON ST",THROSBY,ACT,2914,08/11/2024,
PR-00009958,,"The Trustee for Rivett Childcare Unit Trust","360 Early Education Rivett","1 AMARYLLIS ST",WRIGHT,ACT,2611,19/09/2024,
PR-40005760,,"Trinity Christian School Incorporated","Trinity Christian School","Trinity Christian School, 34 McBryde Cres",WANNIASSA,ACT,2903,03/11/2015,
PR-40020627,,"Insight Early Learning  Throsby Pty Ltd and Insight Early Learning Throsby Pty Ltd","Insight Early Learning Throsby Pty Ltd","1 Pademelon St",THROSBY,ACT,2914,19/08/2019,
PR-40020632,,"Insight Early Learning Port Coogee Pty Ltd","Insight Early Learning Port Coogee","1 Pademelon Street",THROSBY,ACT,2914,19/08/2019,
PR-40020634,,"Insight Early Learning Kelmscott Pty Ltd","Insight Early Learning Kelmscott","1 Pademelon Street",THROSBY,ACT,2914,19/08/2019,
PR-40029848,,"WONDERSCHOOL (TAYLOR) PTY LIMITED","Wonderschool (Taylor) Pty Ltd","Grenfell Ave",TAYLOR,ACT,2913,19/07/2022,
PR-40034654,,"Anglican Diocesan Services","St Luke's Early Learning Centre","LEVEL 4, 221 LONDON CIRCUIT",CANBERRA,ACT,2600,20/11/2023,
PR-40035088,,"MOVE EARLY LEARNING PTY LTD","MOVE EARLY LEARNING","U 3, L 2  28 Ainslie Pl",CANBERRA,ACT,2601,12/12/2023,
PR-40035221,,"L & M KHIPAL PTY LTD","Bright Future Early Learning","237 MacFarlane Burnet Ave",MACGREGOR,ACT,2615,02/01/2024,
PR-40004602,,"Genesis Professional Services Pty Ltd as Trustee for Emmanuel Family Trust","Genesis Family Day Care Services","1 Dittmer Pl",FADDEN,ACT,2904,17/06/2015,
PR-40003979,,"Covenant College Tuggeranong ACT Association Incorporated","Covenant Christian School","Covenant College, 1 Woodcock Drive",GORDON,ACT,2906,25/05/2015,
PR-40018942,,"ACTIVE GAMERS AUSTRALIA PTY LTD","Reload Labs","Sydney Building, 38 Northbourne Ave",CANBERRA,ACT,2601,21/05/2019,
PR-40019624,,"Geppetto Education Pty Ltd","Pinocchio Early Learning Centre Curtin","22 Theodore St",CURTIN,ACT,2605,10/07/2019,
PR-40026344,,"Insight Early Learning Southlakes Pty Ltd","Insight Early Learning Southlakes","1 Pademelon St",THROSBY,ACT,2914,28/05/2021,
PR-40001587,,"Seventh-day Adventist Schools (South New South Wales) Limited","Canberra Christian School","GPO Box 800",CANBERRA,ACT,2601,31/01/2014,
PR-40007989,,"Team Gump Pty Ltd as Trustee for Team Gump Trust","Team Gump Pty Ltd","Joint Technical Facility, 15 Wales Street",BELCONNEN,ACT,2617,28/06/2016,
PR-00005799,,"Ainslie Primary School P & C Assn After School Care Sub Committee","Ainslie Primary School P & C Assn After School Care Sub Committee","Ainslie Primary School, Donaldson Street",BRADDON,ACT,2612,01/01/2012,
PR-00005801,,"Anglicare NSW South NSW West and ACT","Anglicare Canberra and Goulburn","7 Freeman St",CONDER,ACT,2906,01/01/2012,
PR-00005802,,"Aranda Afters Association Incorporated","Aranda Afters Association Incorporated","Aranda Primary School, 1 Banambila St",ARANDA,ACT,2614,01/01/2012,
PR-00005803,,"Association For Learning Mandarin In Australia Incorporated","Chinese Australian Early Childhood Centre","50 Ainsworth Street",MAWSON,ACT,2607,01/01/2012,
PR-00005804,,"Australian Sports Commission","Australian Sports Commission","PO Box 176",BELCONNEN,ACT,2616,01/01/2012,
PR-00005806,,"Baringa Childcare Centre Incorporated","Baringa Childcare Centre","64 Baddeley Crescent",SPENCE,ACT,2615,01/01/2012,
PR-00005807,,"Capital Region Community Service Limited","Capital Region Community Service Limited","PO Box 679",BELCONNEN,ACT,2616,25/06/2012,
PR-00005808,,"Best Practice Education Group Limited","Blue Gum Early Learning Centre","114 Maitland St",HACKETT,ACT,2602,01/01/2012,
PR-00005809,,"Brindabella Christian Education Ltd","Brindabella Christian College","PO Box 5103",LYNEHAM,ACT,2602,01/01/2012,
PR-00005811,,"The Burgmann Anglican School","Burgmann Anglican School","Burgmann Anglican School, The Valley Avenue",GUNGAHLIN,ACT,2912,01/01/2012,
PR-00005813,,"Campbell Primary School Parents and Citizens Association Inc","Campbell Primary School Parents and Citizens Association Inc","Chauvel Street, Chauvel Street",CAMPBELL,ACT,2612,01/01/2012,
PR-00005815,,"Canberra Girls Grammar School","Canberra Girls Grammar School","Canberra Girls Grammar School, Grey Street",DEAKIN,ACT,2600,01/01/2012,
PR-00005816,,"Canberra Grammar School","Canberra Grammar School","Canberra Grammar School, 40 Monaro Cres","RED HILL ",ACT,2601,01/01/2012,
PR-00005817,,"Canberra Rudolf Steiner School Association Incorporated","Orana Steiner School","PO Box 3567",WESTON,ACT,2611,01/01/2012,
PR-00005820,,"Celine D'Elboux","Celine Delboux","PO Box 521, Erindale centre",WANNIASSA,ACT,2903,01/01/2012,
PR-00005822,,"Chapman Primary School Parents and Citizens Association Incorporated","Chapman Primary School Parents and Citizens Association Incorporated","c/- Chapman Primary School, Perry Drive",CHAPMAN,ACT,2611,01/01/2012,
PR-00005824,,Communities@Work,Communities@Work,"PO Box 1066","TUGGERANONG ",ACT,2901,01/01/2012,
PR-00005825,,"Community Services of Gungahlin Inc","Nicholls Early Childhood Centre","Nicholls Early Childhood Centre, 40 Kelleway Avenue",NICHOLLS,ACT,2913,01/01/2012,
PR-00005826,,"CSIROCARE Black Mountain Inc","CSIROCare Black Mountain Early Childhood Centre","167 Wattle Street, 167 Wattle St",O'CONNOR,ACT,2602,01/01/2012,
PR-00005829,,"Enjoy Services Pty Ltd","Possum Magic Childcare","27 Astrolabe Street","RED HILL",ACT,2603,01/01/2012,
PR-00005832,,"Forrest School P&C Association Incorporated","Forrest School P&C Association Incorporated","Forrest Primary School, 9 Hobart Avenue",FORREST,ACT,2603,01/01/2012,
PR-00005833,,"Fraser Primary School Parents and Citizens Association Incorporated","Fraser Primary School Parents and Citizens Association Incorporated","Fraser Primary School, 177 Tillyard Dr",FRASER,ACT,2615,01/01/2012,
PR-00005834,,"French-Australian Preschool Association Incorporated","French Australian Preschool Association Incorporated","PO Box 3558",MANUKA,ACT,2603,01/01/2012,
PR-00005838,,"Heritage Early Childhood Centre Incorporated","Heritage Early Childhood Centre","75 Lennox Crossing ACTON",CANBERRA,ACT,2601,01/01/2012,
PR-00005841,,"Kirinari Early Childhood Centre Incorporated","Kirinari Early Childhood Centre Incorporated","Kirinari Early Childhood Centre, PO Box 7246",KALEEN,ACT,2617,01/01/2012,
PR-00005845,,"Macgregor Primary School P&C Assn Inc","Macgregor Primary School OSHC","PO Box 372",KIPPAX,ACT,2615,01/01/2012,
PR-00005847,,"Majura Park Childcare Centre Pty Ltd","Majura Park Childcare Centre","PO Box 396",CURTIN,ACT,2605,01/01/2012,
PR-00005848,,"Manuka Occassional Childcare Association Incorporated","Manuka Occassional Childcare Association Incorporated","Shop 30  18 Flinders Way",GRIFFITH,ACT,2603,01/01/2012,
PR-00005851,,"Miles Franklin Primary School P & C Association Inc","Miles Franklin Out Of School Hours Care","Evatt Miles Franklin Primary, 11 Alderman St",EVATT,ACT,2617,01/01/2012,
PR-00005852,,"Noah's Ark Resource Centre Incorporated","Noah's Ark Long Day Care Service","PO Box 3294",WESTON,ACT,2611,01/01/2012,
PR-00005854,,"North Belconnen Community Association Incorporated","North Belconnen Community Services","77 Charnwood Place",CHARNWOOD,ACT,2615,01/01/2012,
PR-00005855,,"Emmaus Christian School Canberra Limited","Emmaus Christian School Canberra","EMMAUS CHRISTIAN SCHOOL, 73 DAVENPORT ST",DICKSON,ACT,2602,01/01/2012,
PR-00005856,,"Northside Community Service Limited","Northside Community Services Inc","2 ROSEVEAR PL",DICKSON,ACT,2602,01/01/2012,
PR-00005857,,"Pinocchio Early Learning Centre Pty Ltd","Pinocchio Early Learning Centre","9 Rosevear Pl",DICKSON,ACT,2602,01/01/2012,
PR-00005858,,"PlayBase Pty Ltd",PlayBase,"PO Box 42",WODEN,ACT,2606,01/01/2012,
PR-00005860,,"Radford College Limited","Radford College","RADFORD COLLEGE, 1 COLLEGE ST",BRUCE,ACT,2617,01/01/2012,
PR-00005861,,"Rainbow Cottage Early Childhood Centre Inc","Rainbow Cottage Early Childhood Centre Inc","CHILDCARE CENTRE, 29 RAE ST",BELCONNEN,ACT,2617,01/01/2012,
PR-00005864,,"Seiznem Pty Ltd & Besmen Pty Ltd","Seiznem Pty Ltd & Besmen Pty Ltd","3 Jacob Pl",FLYNN,ACT,2615,01/01/2012,
PR-00005865,,"Community Services #1 Incorporated","Community Services #1 Incorporated","PO BOX 979",FYSHWICK,ACT,2609,01/01/2012,
PR-00005868,,"St Philip's Kindergarten Association Incorporated","St Philip's Kindergarten","PO Box 6022",O'CONNOR,ACT,2602,01/01/2012,
PR-00005870,,"Teddybears Childcare Centre Pty Ltd","Teddybears Childcare Centre","30 Storey Street",CURTIN,ACT,2605,01/01/2012,
PR-00005871,,"Telopea Park School Parents and Citizens Association Incorporated","Telopea Park School Parents and Citizens Association Incorporated","TELOPEA PARK SCHOOL, 25 NEW SOUTH WALES CR",BARTON,ACT,2600,01/01/2012,
PR-00005872,,"The Canberra Montessori Society Incorporated","Canberra Montessori School","35 Mulley Street",HOLDER,ACT,2611,01/01/2012,
PR-00005876,,"YWCA Canberra","YWCA Canberra","GPO Box 767",CANBERRA,ACT,2601,01/01/2012,
PR-00005877,,"Totom House Incorporated","Totom House Multicultural Early Childhood Centre","Totom House, 2 Georgina Cres",KALEEN,ACT,2617,01/01/2012,
PR-00005878,,"Trustees of the Roman Catholic Church for the Archdiocese of Canberra and Goulburn","Catholic Education Office","PO Box 3317",MANUKA,ACT,2603,01/01/2012,
PR-00005879,,"University of Canberra","Wiradjuri Preschool Child Care Centre","University of Canberra, Kirinari Street",BRUCE,ACT,2601,01/01/2012,
PR-00005880,,"University Preschool and Child Care Centre Incorporated","University Preschool and Child Care Centre","Building E & F,  75 Lennox Crossing,, The ANU, ACTON",CANBERRA,ACT,0200,01/01/2012,
PR-00005881,,"Wattle Community Association Incorporated","Wattle Early Childhood Centre","38 Wattle St",LYNEHAM,ACT,2602,01/01/2012,
PR-00005883,,"WODEN COMMUNITY SERVICE LIMITED","WODEN COMMUNITY SERVICE LIMITED","PO Box 35",WODEN,ACT,2606,01/01/2012,
PR-00005884,,"Woden Early Childhood Centre Inc","Woden Early Childhood Centre","98 Easty St",PHILLIP,ACT,2606,01/01/2012,
PR-40023285,,"KANYA ENTERPRISES PTY. LTD.",,"Kinloch Terraces, 89 Kinloch Cct",BRUCE,ACT,2617,06/08/2020,
PR-40023355,,"Wonderschool (Dickson) Pty Limited","Wonderschool (Dickson) Pty Limited","UNIT 101 21 CHALLIS ST",DICKSON,ACT,2602,13/07/2020,
PR-40023578,,"Wonderschool (Woden) Pty Limited","Wonderschool (Woden) Pty Limited","Building 2 Wonderschool, 54 McCaughey St",TURNER,ACT,2612,28/09/2020,
PR-40030763,,"INSIGHT EARLY LEARNING MOAMA PTY LTD","Insight Early Learning Moama PTY LTD","1 Pademelon St",THROSBY,ACT,2914,23/09/2022,
PR-40031447,,"Brilliant Stars Early Learning Centre Pty Ltd","Brilliant stars early learning center pty ltd","203/45 Honysett View",KINGSTON,ACT,2604,24/11/2022,
PR-40031535,,"Urban Education Gold Creek Pty  Ltd",,"125 Strickland Crescent",DEAKIN,ACT,2600,22/11/2022,
PR-00004945,,"Amazing Family Daycare Pty Ltd","Amazing Family Daycare Pty Ltd","U 202, Level 2  8 Chandler St",BELCONNEN,ACT,26,30/05/2011,
PR-00008211,,"KIDS BIZ HOLIDAYS & SPORTS PTY LTD","Kids Biz Holidays & Sports PTY LTD","PO BOX 297",MAWSON,ACT,2607,08/04/2013,
PR-00008306,,"Tuggeranong Town Occasional Childcare Centre Incorporated and Tuggeranong Town Occasional Childcare Centre Incorporated",,"PO Box 1061","TUGGERANONG DC",ACT,2901,28/04/2014,
PR-00006465,,"ACT Education Directorate","ACT Education and Training Directorate","GPO Box 158",CANBERRA,ACT,2601,01/01/2012,"A condition is placed on this provider approval that children enrolled in preschool sessions in line with the Early Entry for Children with English as an Additional Language procedure will not be included within the maximum number of places at services approved under this provider. The children must be enrolled under the following circumstances; attending the service for a maximum of six hours per week, with a daily maximum of three hours; be accompanied by an adult; attend for negotiated session times; be placed in consultation with the Principal of the school; and a maximum of two placements be offered in each preschool group."
PR-40010082,,"Stella Bella Little Stars Foundation","Stella Bella Little Stars Foundation","70 Lee-Steere Cres",KAMBAH,ACT,2902,20/01/2017,
PR-40025561,,"Bilingual Schools Australia Pty Ltd","Bilingual Schools Asutralia","1 boyland close",SPENCE,ACT,2615,04/05/2021,
PR-40025772,,"HAATH PTY LTD",,"44/2 Kings St",DEAKIN,ACT,2600,28/05/2021,
PR-40003028,,"Early Sun Shine Family Day Care Pty Ltd","Early Sun Shine Family Day Care Pty Ltd","U 5  22 Purdue St",BELCONNEN,ACT,2617,18/02/2015,
PR-00010085,,"CATHOLIC ARCHDIOCESE OF CANBERRA  AND GOULBURN EDUCATION LIMITED","CATHOLIC EDUCATION ARCHDIOCESE OF CANBERRA  AND GOULBURN","PO BOX 3317",MANUKA,ACT,2603,24/10/2024,
PR-40022516,,"Kaleen Cubbyhouse Association Incorporated","Kaleen Cubby House","97 Alberga St",KALEEN,ACT,2617,21/02/2020,
PR-40030037,,"ARTEMIS EDUCATION PTY LTD","Artemis Early Learning","PO Box 6270",O'CONNOR,ACT,2602,20/07/2022,
PR-40030487,,"Happy Miracles Pty Ltd",,"10 Verreaux Cres",THROSBY,ACT,2914,02/11/2022,
PR-00009767,,"RAINBOW START PTY LTD",,"6 POWNALL ST",FRANKLIN,ACT,2913,11/10/2024,
PR-40012813,,"ZAP & CO PTY LTD","St Nicholas Preschool & Childcare Centre","Childcare Centre, 1 Hill Cnr",YARRALUMLA,ACT,2600,24/10/2017,
PR-40035415,,"IEL STREAM AVE PTY LTD","Insight Early Learning Stream Ave","1 Pademelon St",THROSBY,ACT,2914,21/11/2023,
PR-40027033,,"Wonderschool (Monash) Pty Ltd","Wonderschool (Monash) Pty Ltd","Building 2 Wonderschool, 54 McCaughey St",TURNER,ACT,2612,21/10/2021,
PR-40011902,,"BRIGHT BEES EARLY LEARNING (NICHOLLS) PTY LIMITED","BRIGHT BEES EARLY LEARNING (NICHOLLS) PTY LIMITED","U 145  2 Hinder St",GUNGAHLIN,ACT,2912,28/07/2017,
PR-40011921,,"SUCCESS EARLY LEARNING PTY LIMITED",,"PO Box 3553",MANUKA,ACT,2603,17/11/2017,
PR-40011926,,"Projects on Parkinson Ltd",,"PO Box 141",WARAMANGA,ACT,2611,20/06/2017,"Emma Morton is not to be a delegated as a Person with Management or Control, and must not have responsibility, alone or with others, for managing the delivery of the education and care service until further notice.  Emma Morton is not to be nominated as a Nominated Supervisor or be delegated as a Responsible Person in day-to-day charge for the education and care service, inclusive of being Centre Director until further notice."
PR-00010642,,"Munchkin Academy PTY LTD",,"4 KINLOCH CCT",BRUCE,ACT,2617,28/07/2025,
PR-00010720,,"CORYMBIA EDUCATION PTY LTD","Corymbia Early Learning Centre","THE GALLERY, UNIT 8 40 MORT ST",BRADDON,ACT,2612,15/07/2025,
PR-00010792,,"Elk Early Learning and Kindergarten Pty Ltd As Trustee For Elk Unit Trust","ELK Early Learning and Kindergarten","165 HEAGNEY CR",CHISHOLM,ACT,2905,04/08/2025,
PR-00005885,,"Woden Valley Child Care Centre Association Inc.","Woden Valley Child Care Centre Association Inc.","PO Box 1300",WODEN,ACT,2606,01/01/2012,
PR-00005888,,"Young Men's Christian Association of Canberra Ltd","Young Men's Christian Association of Canberra Ltd","U 6  25 Geils Ct",DEAKIN,ACT,2600,15/03/2012,
PR-40008971,,"Montessori Standard Pty Ltd",,"Eucalyptus Montessori, 84 Summerland Circuit",KAMBAH,ACT,2902,21/09/2016,
PR-40001919,,"CHABAD ACT LIMITED",,"3 Gari Place",GIRALANG,ACT,2617,28/04/2014,
PR-40001983,,"The Combined Spiritual Association of Canberra Incorporated",,"4 Conyers Street",HUGHES,ACT,2605,20/05/2014,
PR-40031561,,"Taylor Child Care Pty Ltd","Taylor Child Care","1 Corkery Cr",TAYLOR,ACT,2913,09/12/2022,
