"Provider Approval Number","Service Approval Number","Legal Name","Trading Name",Address,Suburb,State,Postcode,"Date Approval Granted",Conditions
PR-40032571,,"SILVERWARE PTY LTD","Silverware PTY LTD","U 1  403 Coode St",DIANELLA,WA,6059,22/06/2023,
PR-40032790,,"Allosaurus Pty Ltd","Allosaurus Pty Ltd","C/O UTOPIA CA PTY LTD, Suite 13B, 431 Roberts Rd",SUBIACO,WA,6008,13/07/2023,
PR-40032841,,"PILBARA KINDER HAUS PTY LTD","Karratha Kinder House","2 Withnell Way",BULGARRA,WA,6714,04/08/2023,
PR-40032863,,"Discovery Cove ELC Pty Ltd","Discovery Cove ELC Pty Ltd","2 BARR WAY","SOUTH YUNDERUP",WA,6208,12/06/2023,
PR-40032998,,"H & N EARLY LEARNING PTY LTD",,"7 Avalon Cl",WOODVALE,WA,6026,25/08/2023,
PR-40033214,,"Clay Early Learning Pty Ltd ATF Andrew and Giselle Family Trust","Clay Early Learning","8A Rudyard Court",WILLETTON,WA,6155,23/08/2023,
PR-40033233,,"Amy E Gardner & H Kerguillec","The Hub Dunsborough","8 Princeville Ave",DUNSBOROUGH,WA,6281,26/09/2023,
PR-00007896,,"UNITED FAMILY DAYCARE SOUTH PTY LTD","Kidz Planet Family Day Care","UNIT 9, 980 Albany Highway","EAST VICTORIA PARK",WA,6101,10/08/2012,
PR-00007961,,"PACHAMAMA PTY LTD","Pachamama Pty Ltd","PO Box 204","NORTH FREMANTLE",WA,6159,14/08/2012,
PR-00007974,,"Organikids Pty Ltd as Trustee for the Allyson Rice Family Trust","Organikids Childcare","PO Box 1513","OSBORNE PARK",WA,6916,17/08/2012,
PR-00007980,,"Marilandy Pty Ltd",,"136 KEMPTON ST","BLUFF POINT",WA,6530,03/08/2012,
PR-00008071,,"Debedd Investments Pty Ltd  ATF E & D Loreggian Trust","Canning vale School of Early Learning","PO Box 5539","CANNING VALE SOUTH",WA,6155,23/08/2012,
PR-00008072,,"Patatap Pty Ltd ATF PM Aylmore Family Trust","Patatap Pty Ltd ATF PM Aylmore Family Trust","12 Barker Road","CENTENNIAL PARK",WA,6330,28/08/2012,
PR-00008083,,"HILAAC FAMILY DAY CARE PTY LTD",,"U 7 132 Epsom Ave",BELMONT,WA,6104,24/09/2012,
PR-00008085,,"Mrs Samantha Higgins",,"24 Brenchley Drive",ATWELL,WA,6164,31/07/2012,
PR-00008099,,"Nectar Childcare Services Pty Ltd ATF The Nectar Education Trust",,"PO Box 941",INNALOO,WA,6918,17/10/2012,
PR-40017727,,"TARA MONTESSORI PTY LTD",,"10 Feldman Cres",PARKERVILLE,WA,6081,14/11/2018,
PR-40002464,,"Beverly Group Pty Ltd",,"10 Beverley St",COOLBINIA,WA,6050,29/10/2014,
PR-40002472,,"Atlantis Child Care Centre Pty Ltd as Trustee For The Atlantis Child Care Centre Trust",,"18/61 Ocean Keys Boulevard",CLARKSON,WA,6030,29/10/2014,
PR-40002519,,"Shire of Perenjori","Shire of Perenjori","PO Box 22",PERENJORI,WA,6620,29/10/2014,
PR-40002553,,"Ablett WA Pty Ltd as trustees for the Ablett Family Trust",,"69 Lakeway Dr",KINGSLEY,WA,6026,17/11/2014,
PR-40002595,,"Wise ELC Pty Ltd ATF WELC Family Trust",,"UNIT 2 10 GEDDES ST",BALCATTA,WA,6021,17/11/2014,
PR-00010886,,"PLAKAKIS & CO PTY LTD",,"30 MEREWETHER AV",ALKIMOS,WA,6038,26/08/2025,
PR-00010888,,"LITTLE FRIENDS TREEHOUSE PTY LTD","Little Friends Treehouse","157 ROCKINGHAM RD","HAMILTON HILL",WA,6163,30/09/2025,
PR-00010896,,"Medistry PTY LTD ATF Ally Family Trust",,"UNIT 1407 118 GOODWOOD PDE",BURSWOOD,WA,6100,12/11/2025,"It is a condition of this approval that the approved provider must not operate more than two education and care services within the first two years of the date from commencement of the first service approval. The approved provider must not appoint or allow a person to act or continue to act as an officer of the corporation within the meaning of the Corporations Act (Cth) unless it has first advised the Regulatory Authority in writing."
PR-00010926,,"ROMARNI ENTERPRISES PTY LTD","ROMARNI ENTERPRISES PTY LTD","79 BASILIO AV",LANDSDALE,WA,6065,02/09/2025,
PR-00010949,,"HARVEY HAVEN PTY LTD",,"2 ESTUARY HEIGHTS PL",BOUVARD,WA,6211,07/08/2025,
PR-00010957,,"VIAN ENTERPRISE PTY LTD",,"BECKENHAM PO, SHOP 1 202 WILLIAM ST",BECKENHAM,WA,6107,18/08/2025,
PR-00010958,,"JINDA MIA ENTERPRISES PTY LTD","Jinda Mia Steiner Childcare","5 HELENA ST",GUILDFORD,WA,6055,14/08/2025,
PR-00010976,,"Naran Group Pty Ltd",,"23 TOLEDO DR",HOCKING,WA,6065,07/08/2025,
PR-00010983,,"PINK  YONG","PINK YONG","10 DIMAGO VSTA","HAMMOND PARK",WA,6164,09/09/2025,
PR-00011003,,"L & N.C NUNN PTY LTD",,"8 PARRIS WAY",BILINGURR,WA,6725,07/08/2025,
PR-00011004,,"LINGO KIDS EARLY EDUCATION AND PLAY PTY LIMITED","Lingo Edu and Play Early Learning Centre","220 MORLEY DR EAST","EDEN HILL",WA,6054,03/09/2025,
PR-00011074,,"DIVERSITY LEARNING PTY LTD","Diversity Learning","13 MARUYAMA WAY",LANDSDALE,WA,6065,09/10/2025,
PR-00011081,,"NOTHING WITHOUT JOY PTY LTD","Como Children","47 BIRDWOOD AV",COMO,WA,6152,20/10/2025,
PR-40024401,,"Ruth Wangari Kamau",,"13 Nyamina Rd","BAYNTON KARRATHA",WA,6714,16/02/2021,
PR-40024629,,"Augusta & Districts Community Childcare Inc.",,"66 Allnut Tce",AUGUSTA,WA,6290,19/02/2021,
PR-40024769,,"Ascolta Early Learning and Care PTY LTD","Ascolta Early Learning and Care PTY LTD","Suite 23,  513 Hay Street",SUBIACO,WA,6008,26/02/2021,"From 14 June 2022, the approved provider must not appoint or allow a person to act or continue to act as an officer of the corporation within the meaning of the Corporations Act (Cth) unless it has first obtained the Regulatory Authority’s written consent.    "
PR-40025057,,"Hocking Star Nominees Pty Ltd ATF The Star Early Learning Trust No 2","Hocking Stars Early Learning Centre - (Gungurru)","4 Gungurru Avenue",HOCKING,WA,6065,15/02/2021,
PR-40025116,,"Wanneroo CC Pty Ltd ATF The Wanneroo CC Unit Trust","Sonas Early Learning & Care Wanneroo","69 Poincaire St",BALCATTA,WA,6021,17/02/2021,
PR-40009241,,"VIC CHILDCARE PTY LTD ATF The Vic Childcare Trust","Apple Blossoms Early Learning South Melbourne","PO Box 1832","MARGARET RIVER",WA,6285,21/11/2016,
PR-40009488,,"Newport Fareham Pty Ltd As The trustee for the L & W Family Trust",,"12 Ballard Place","MADDINGTON, PERTH",WA,6109,10/11/2016,
PR-40009499,,"Curam Early Learning School Pty Ltd ATF K&G Cowley Family Trust","Curam Early Learning School","227 Treasure Rd","QUEENS PARK",WA,6107,25/11/2016,
PR-40009583,,"Palmgate Nominees Pty Ltd","Studio 64 Child Care","172 Burswood Rd",BURSWOOD,WA,6100,05/12/2016,
PR-40036368,,"LIFEKIDS KINDY PLAY INC","LIFEkids Kindy Play","31 CHADLINGTON DR",PADBURY,WA,6025,24/05/2024,
PR-40036614,,"AUSTWAY EDUCATION QUEENSPARK PTY LTD",,"1 Forrest St","SOUTH PERTH",WA,6151,31/01/2024,
PR-40036624,,"HAS HOLDINGS PTY LTD",,"14 Wincanton Ch",LEDA,WA,6170,14/05/2024,
PR-40036670,,"LITTLE MINDS @ WORK PTY LTD","Little Minds  @Work","13 Dyer St",KELMSCOTT,WA,6111,21/03/2024,
PR-40036770,,"RHYMESTONE PTY LTD",,"135a Armadale Rd",RIVERVALE,WA,6103,15/02/2024,
PR-40036789,,"SHINING KIDZ EDUCATION PTY LTD","SHINING KIDZ EDUCATION PTY LTD","7 Gutha Pass","CANNING VALE",WA,6155,26/04/2024,
PR-40036918,,"S SKEHAN PTY LTD",,"39 Geranium Place","CANNING VALE",WA,6155,12/04/2024,
PR-40036966,,"XINGVISTA ENTERPRISES PTY LTD",,"26 SUTTOR DR",SUCCESS,WA,6164,13/07/2024,
PR-40037011,,"LMJ Childcare Pty Ltd ATF LMJ Childcare Trust","Vale Village Childcare","Herdsman Business Park, Unit 6 - 88 Walters Drive","OSBORNE PARK",WA,6017,02/02/2024,
PR-40037018,,"Life Tree (WA) Pty Ltd ATF Life Tree (WA) Unit Trust",,"7 Toulon Grove",COOGEE,WA,6166,28/06/2024,
PR-40037099,,"BILINGUAL BY FIVE CHATSWOOD PTY LTD","Bilingual By Five Chatswood","Shop 10  166 Brighton Rd",SCARBOROUGH,WA,6019,19/02/2024,
PR-40037149,,"LOVE TO LEARN CHILDCARE PTY LTD","LOVE TO LEARN CHILDCARE PTY LTD","UNIT 8 103 FLORA TCE","NORTH BEACH",WA,6020,17/05/2024,
PR-40013147,,"RODRIGUES SISTERS 4 PTY LTD",,"273 Amelia Street",WESTMINSTER,WA,6061,19/12/2017,
PR-40013151,,"Larajuls Pty Ltd ATF Larajuls Trust & L&J Goetz Trust","Butterflies Early Education","192 Barfield Rd","HAMMOND PARK",WA,6164,23/11/2017,
PR-40013302,,"KIDDIES LEARNING HUB PTY LTD","Kiddies Learning Hub","19 CALADENIA RISE","MARGARET RIVER",WA,6285,29/11/2017,
PR-40013355,,"AUSTIN COVE BAPTIST COLLEGE EARLY LEARNING CENTRE LTD","Austin Cove Early Learning Centre","PO Box 72","QUINNS ROCKS",WA,6030,22/12/2017,
PR-40013588,,"Shire of Boyup Brook","Shire of Boyup Brook","Abel Street","BOYUP BROOK",WA,6244,20/02/2018,
PR-40013746,,"Jazzport Holdings Pty. Ltd. ATF The Lee Family Trust","Fifth Road Child Care Centre","2 Corrigan Rise",WUNGONG,WA,6112,07/12/2017,
PR-40013793,,"LITTLE LEARNERS PLACE WA PTY LTD","The Little Learners Place","UTOPIA CA PTY LTD, Suite B13, 431 Roberts Road",SUBIACO,WA,6008,30/01/2018,
PR-40013805,,"Carnamah Child Care Centre Inc",,"PO Box 116",CARNAMAH,WA,6517,12/02/2018,
PR-40013819,,"Bedfordale CCC Pty Ltd ATF Bedfordale Holdings Trust","Bedfordale Child Care Centre","75 Cross Road",BEDFORDALE,WA,6112,02/01/2018,
PR-40021282,,"SPARKUDA PTY LTD ATF BEAMS CAPITAL TRUST",,"38 Vahland Avenue",RIVERTON,WA,6148,14/11/2019,
PR-40021594,,"Early Years Learning and Development Pty Ltd","Landsdale school of early learning","U 2  18 Niche Pde",WANGARA,WA,6065,31/10/2019,
PR-40021652,,"D.S GRUNDY & K.M HOUSE","Toodyay Early Learning Centre","2 Settlers Ridge",TOODYAY,WA,6566,19/12/2019,
PR-40021725,,"Garden Play Pty Ltd","Garden Play Family Day Care Service","3 Cavello View",ILUKA,WA,6028,23/12/2019,
PR-40021835,,"Focalise Pty Ltd ATF KJS Alkimos Trust","Alkimos Beach Early Learning","U 8A  13 Hobsons Gte",CURRAMBINE,WA,6028,09/12/2019,
PR-40021872,,"YCC (WA) Pty Ltd ATF YCC (WA) Unit Trust","The Trustee for YCC (WA) UNIT TRUST","Unit 18-20 61 Ocean Keys Blvd",CLARKSON,WA,6030,06/12/2019,
PR-40021904,,"Ourearth Corporation Pty Ltd ATF KJS Play Centre Trust","Lighthouse Play Centre","U 8  13 Hobsons Gte",CURRAMBINE,WA,6028,09/12/2019,
PR-40021923,,"Treetops Childcare Pty Ltd ATF Treetops Childcare Trust","Treetops Childcare","U 14  1 Glenelg Pl",CONNOLLY,WA,6027,21/02/2020,
PR-00009882,,"TREASURED TOTS EARLY EDUCATION BICTON PTY LTD","Treasured Tots Early Education Bicton","PO BOX 220",WILLETTON,WA,6955,18/09/2024,
PR-00009891,,"BRIGHT BEGINNINGS EARLY LEARNING PTY LTD",,"12 COLGAN ST",SOMERVILLE,WA,6430,24/10/2024,
PR-00009899,,"ABOUT ME PTY LTD",tba,"104 ROBERTS ST",JOONDANNA,WA,6060,06/11/2024,
PR-00009959,,"MINRES CHILD CARE PTY LTD","MINRES CHILD CARE PTY LTD","20 WALTERS DR","OSBORNE PARK",WA,6017,18/10/2024,
PR-00009968,,"STRIDE GROUP PTY LTD",,"PO BOX 178","WEST PERTH",WA,6872,15/10/2024,
PR-00009976,,"SCTC PTY LTD",,"26 ALDINGA ST",KENWICK,WA,6107,07/03/2025,
PR-00009985,,"Broome North Childcare Pty Ltd ATF Trustee for Broome North Childcare Trust","Broome North Childcare","31 WILGA CT",BANJUP,WA,6164,30/10/2024,
PR-00010000,,"CUDDLES CHILDCARE THORNLIE PTY LTD","Cuddles Early Learning & Childcare Thornlie","PO BOX 309",BYFORD,WA,6122,06/11/2024,
PR-00010036,,"Noasaurus Pty Ltd",,"C/O UTOPIA CA PTY LTD, 431 Roberts Road, SUBIACO WA 6008",SUBIACO,WA,6008,22/10/2024,
PR-00010058,,"WARD CHILDCARE ENTERPRISES PTY LTD","WARD CHILDCARE ENTERPRISES PTY LTD","69 SLADE ST",BAYSWATER,WA,6053,22/11/2024,
PR-00010067,,"MOSH KIDS PTY LTD","MOSH KIDS","28 STONE ST",MAYLANDS,WA,6051,13/02/2025,
PR-00010071,,"H.D GRIFFIN & S.J GRIFFIN","Lilliputs Family Daycare Coordination Unit","17 SISSINGHURST CR",LANDSDALE,WA,6065,13/12/2024,
PR-40005790,,"BUTTERCUPS CHILDCARE PTY LTD",,"150-152 Riseley Street, Suite 105",Booragoon,WA,6154,29/10/2015,
PR-40006175,,"Kindley Investment Pty Ltd",,"PO Box 5610","CANNING VALE",WA,6155,24/12/2015,
PR-40006301,,"Leap Start Australia Pty Ltd ATF The Canere Trust; The E R Trust and The Make Your Own Pie Trust",,"PO Box 3350","EAST PERTH",WA,6892,24/12/2015,
PR-40006307,,"KIDS HUB TRAINING & CONSULTANCY PTY LTD",,"PO BOX 3269","BLUFF POINT",WA,6530,22/12/2015,
PR-40006343,,"Palafico Pty Ltd ATF AACJ Trust",,"14 CHADWIN PL",PADBURY,WA,6025,08/12/2015,
PR-40006345,,"Trizone Enterprises Pty Ltd ATF G & K Feddersen Trust","Early Explorers Learning Centre","PO Box 1238","GERALDTON PO",WA,6531,06/01/2016,
PR-40020690,,"TADALA MONTESSORI PTY LTD","TADALA MONTESSORI","1 Kutcharo Cres",JOONDALUP,WA,6027,09/09/2019,
PR-40020700,,"Australian Islamic College Perth Inc","Australian Islamic College Adelaide","Australian Islamic College Kew, 139-159 President St",KEWDALE,WA,6105,08/11/2019,
PR-40020892,,"Joondalup Early Learning PTY LTD","Keiki Early Learning Edgewater","PO Box 413","QUINNS ROCKS",WA,6030,19/09/2019,
PR-40021126,,"Read 2 Grow Pty Ltd ATF Read 2 Grow Unit Trust","Read 2 Grow Early Learning Child Care","PO Box 48",PARKWOOD,WA,6147,03/10/2019,
PR-40021216,,"Full Circle Child Care Pty Ltd","Little Green House Child Care","11 Poplar Ave","MARGARET RIVER",WA,6285,01/11/2019,
PR-40027524,,"PERERA CHILDREN HOUSE PTY LTD",,"19 Carmichael St",BECKENHAM,WA,6107,08/02/2022,
PR-40027626,,"A&Z EDUCATION PTY LTD",,"82 Drummond St",BEDFORD,WA,6052,20/01/2022,
PR-40027729,,"THE INGLEWOOD STATION PTY LTD","The Inglewood Station","88 Sussex St",INGLEWOOD,WA,6052,17/12/2021,
PR-40027780,,"BAREFOOT FAMILY DAYCARE SERVICE PTY LTD","Barefoot Family Daycare Service","7 Amboy Lane","CANNING VALE",WA,6155,21/01/2022,
PR-40027828,,"Cuddles Childcare Centre Beckenham Pty Ltd","Cuddles Early Learning & Childcare","PO Box 3082","CARLISLE SOUTH",WA,6101,03/02/2022,
PR-40028052,,"Moppets Pty Ltd ATF Lil Moppets Unit Trust",,"18 Pattie St",CANNINGTON,WA,6107,25/03/2022,
PR-40028063,,"WILDFLOWERS EARLY LEARNING PTY LTD","Wildflowers Early Learning","PO Box 7170, Cloisters Square PO",PERTH,WA,6850,25/03/2022,
PR-40028075,,"LEAP START SOUTHERN RIVER PTY LTD & THE TRUSTEE FOR THE CANERE SR TRUST & THE TRUSTEE FOR THE DOUBLE DIP TRUST & THE TRUSTEE FOR THE PAEL TRUST","LEAP START EARLY LEARNING CHILD CARE SOUTHERN RIVER","PO BOX 3350","EAST PERTH",WA,6004,18/01/2022,
PR-40028124,,"MIRIAM LEGGETT","b3 prek","32 Elanora Dr",COOLOONGUP,WA,6168,22/02/2022,
PR-40029140,,"WEST MAGIC EDUCATION PTY LTD","EDUC EARLY CHILDHOOD EDUCATION","UNIT 60, 288 LORD STREET",HIGHGATE,WA,6003,17/06/2022,
PR-40029178,,"Daisy Child Care Pty Ltd","Bush Kids WA","5 Millard St",EATON,WA,6232,31/05/2022,
PR-40029184,,"STEGOSAURUS PTY LTD",,"2 KING ST",MOORA,WA,6510,25/05/2022,
PR-40029185,,"BRANCHES ELC WA PTY LTD",,"C/O UTOPIA CA PTY LTD, Suite B13, 431 Roberts Road",SUBIACO,WA,6008,25/05/2022,
PR-40029338,,"ROADSHOW HOLDINGS PTY LTD","Roadshow Holdings PTY LTD","10 Hero Ct",NAMBEELUP,WA,6207,24/05/2022,
PR-40029374,,"INTI CHILDCARE PTY LTD",,"59 Basinghall St","EAST VICTORIA PARK",WA,6101,06/09/2022,
PR-40029451,,"The Family Tree (Beelier) Pty Ltd","The Family Tree Baldivis","173 Gaebler Road","AUBIN GROVE",WA,6164,08/07/2022,
PR-40029653,,"CSD & JKM PTY LTD","Banksia Kids Early Learning Centre","22 Banksia Rd",WALLISTON,WA,6076,29/06/2022,
PR-40029689,,"TOODYAY EARLY LEARNING CENTRE PTY LTD","Toodyay Early Learning Centre","2 Settlers Ridge",TOODYAY,WA,6566,05/08/2022,
PR-40029743,,"Bloom Early Education Australia Pty Ltd","Bloom Early Education Australia Pty Ltd","8a Babel Rd",WELSHPOOL,WA,6106,22/07/2022,
PR-40029812,,"FIRST FRIENDS (WA) PTY LTD","First Friends Early Learning","14 Rothesay Hts",MINDARIE,WA,6030,10/08/2022,
PR-40000223,,"ASKK Pty Ltd ATF Ellenbrook Trust","84 759 215 708","PO Box 1895","MARGARET RIVER",WA,6285,21/12/2012,
PR-40000276,,"AM & NR Holdings (WA) Pty Ltd","Skooleez OSHC","24 Warren Rd","MAIDA VALE",WA,6057,23/11/2012,
PR-40000304,,"Calvin Enterprises Pty Ltd ATF Calvin Enterprises Trust","Small Friends","44 Serpentine Way","STAKE HILL",WA,6181,03/12/2012,
PR-40000340,,"CHERUB AND CO PTY LTD","Cherub and Co Pty Ltd","46 Peninsula Rd",MAYLANDS,WA,6051,01/02/2013,
PR-40000364,,"Samsam Awil Abdi","Glory Family Day Care","Suite 2/ 2 Prindiville Drive",WANGARA,WA,6065,28/12/2012,
PR-40000373,,"Landsdale Early Learning Pty Ltd ATF Landsdale Early Learning Unit Trust","Landsdale Early Learning and Enrichment","215 Landsdale Rd",LANDSDALE,WA,6065,03/01/2013,
PR-40000381,,"Kathryn Rose Holland","Bridgetown Stepping Stones","PO Box 999",BRIDGETOWN,WA,6255,03/01/2013,
PR-00006564,,"Children's Integrated Management Services Ltd",,"PO Box 406",BELMONT,WA,6984,30/12/2011,
PR-40034414,,"Budget Mate Pty Ltd ATF O'Brien Family Trust",,"8 Kingfisher Way",SINGLETON,WA,6175,24/10/2023,
PR-40034420,,"Jackie Wei Choo Lai",,"23 Zenith St",SHELLEY,WA,6148,16/11/2023,
PR-40034537,,"Bold Park Community School Advisory Council Inc","BOLD PARK COMMUNITY SCHOOL ADVISORY COUNCIL INC","61-63 Powis St",WEMBLEY,WA,6014,26/09/2023,
PR-40034612,,"Laugh & Giggle Childcare Centre Pty Ltd ATF Laugh & Giggle Childcare Centre Unit Trust",,"180 Runnymede Gte",LEDA,WA,6170,15/01/2024,
PR-40034625,,"EVERWOOD EARLY EDUCATION PTY LTD","EVERWOOD EARLY EDUCATION PTY LTD","18 TOBIN ST",FORRESTDALE,WA,6112,22/09/2023,
PR-40034657,,"Purple Butterfly PTY LTD","Skylar Early Learning","1 Lowood Rd","MOUNT BARKER",WA,6324,01/11/2023,
PR-40034732,,"BILINGUAL BY FIVE CANNING VALE PTY LTD",,"Unit 10, 166 Brighton Rd",SCARBOROUGH,WA,6019,26/10/2023,
PR-40034769,,"We Care Learning Pty Ltd ATF We Care Unit Trust",,"3 Seabreeze Ave","BURNS BEACH",WA,6028,03/11/2023,
PR-40034980,,"PRECIOUS MOMENTS EARLY LEARNING CENTRE PTY LTD","PRECIOUS MOMENTS EARLY LEARNING CENTRE PTYL","PO BOX 157",MIRRABOOKA,WA,6941,22/01/2024,
PR-40035041,,"Amaroo Landing Pty Ltd ATF Cooper Unit Trust",,"16 Gunbar Way",KALAMUNDA,WA,6076,17/01/2024,
PR-40035045,,"CUDDLES CHILDCARE EAST BYFORD PTY LTD","Cuddles Early Learning and Childcare East Byford","76 Oats St",CARLISLE,WA,6101,30/01/2024,
PR-40035122,,"Little Legends Early Learning Pty Ltd","Little Legends Early Learning","5 Parrot Cl",SINGLETON,WA,6175,13/02/2024,
PR-40035181,,"SPRING 1 2 3 PTY LTD",,"Mundijong PO, 28 Paterson St",MUNDIJONG,WA,6123,29/11/2023,
PR-40035296,,"Tiny Hippos Pty Ltd","TINY HIPPOS PTY LTD","46 Carville Way",BALDIVIS,WA,6171,24/11/2023,
PR-40035354,,"LITTLE GIANTS EDUCATION PTY LTD",,"23b Bindaring Pde",CLAREMONT,WA,6010,24/01/2024,
PR-40004259,,"BORONIA CORPORATION PTY LTD",,"2219 ALBANY HWY",GOSNELLS,WA,6110,29/06/2015,
PR-40004486,,"Freedomwealth Pty Ltd",,"87 Katoomba Street",ORANA,WA,6330,12/06/2015,
PR-40004658,,"Andrelle (WA) Pty Ltd ATF the Andrelle Trust","ATF the Andrelle Trust","1 Winthrop Drive",WINTHROP,WA,6150,14/07/2015,
PR-00009416,,"Wanneroo Early Learning PTY LTD","Wanneroo Early Learning","5 ROSEWOOD CR",DIANELLA,WA,6059,02/07/2024,
PR-00009425,,"Manureeta  Muniandy","FOREST ATELIER EARLY EDUCATION & CARE","58 ARCHDALE LOOP","PIARA WATERS",WA,6112,18/07/2024,
PR-00009446,,"Watson’s Early Learning Pty Ltd ATF Watson’s Early Learning Trust","Watson’s Early Learning Pty Ltd","UNIT 6 88 WALTERS DR","OSBORNE PARK",WA,6017,10/10/2024,
PR-00009453,,"Creative Kids Early Learning Pty Ltd ATF Creative Kids Early Learning Trust","CREATIVE KIDS EARLY LEARNING PTY LTD","23 ZENITH ST",SHELLEY,WA,6148,19/07/2024,
PR-00009493,,"INVESTLINK CAPITAL PTY. LTD.","INVESTLINK CAPITAL PTY. LTD.","10 BONSALL PL",CARINE,WA,6020,24/07/2024,
PR-00009497,,"GRAY SUB INVESTMENTS PTY LTD",,"48 WOOD ST",SWANBOURNE,WA,6010,18/07/2024,
PR-00009514,,"SN CHEMELLO PTY LTD","LITTLE LEGENDS YOKINE","UNIT 2 18 NICHE PDE",WANGARA,WA,6065,16/08/2024,
PR-00009525,,"Econest Family Pty Ltd ATF Springer Family Trust",,"9 BRAYBROOK PL",CRAIGIE,WA,6025,23/08/2024,
PR-00009539,,"BUTTERCUPS EARLY LEARNING PTY LTD","Buttercups Early Learning","150-152 RISELEY ST",BOORAGOON,WA,6154,17/09/2024,
PR-00009570,,"N & J Chemello Pty Ltd ATF Jason Chemello Family Trust","Evergreen Early Learning","UNIT 2 18 NICHE PDE",WANGARA,WA,6065,12/08/2024,
PR-40003151,,"YCC (WA) Pty Ltd",,"U 11  13 Hobsons Gate",CURRAMBINE,WA,6028,28/01/2015,
PR-40003215,,"OSHC (WA) Pty Ltd ATF OSHC (WA) Trust",,"54 Constellation Dr","OCEAN REEF",WA,6027,17/02/2015,
PR-40003399,,"Prastag Pty Ltd ATF The MSS Unit Trust",,"34 Peppworth Pl",JANDAKOT,WA,6164,14/04/2015,
PR-40003475,,"Courtney Leigh","A Club for Kids","St Lawrence Primary School, 386 Albert St",BALCATTA,WA,6021,27/03/2015,
PR-40003588,,"Angela Jayne Rowan ATF Rowan Family Trust","Kidz First Early Learning Centre","17 Cameley Ct",BULLSBROOK,WA,6084,14/04/2015,
PR-40003727,,"Trend Star Nominees Pty Ltd ATF Star Early Learning Trust","Trend Star Nominees Pty Ltd","1 Turin Ent",HOCKING,WA,6065,16/04/2015,
PR-40019276,,"Townsend & Buck Pty Ltd","Happy Campers","42 Stockdale Cres","WEMBLEY DOWNS",WA,6019,30/05/2019,
PR-40019450,,"DADIRRI EARLY LEARNING CENTRE PTY LTD",,"PO Box 413","QUINNS ROCKS",WA,6030,06/05/2019,
PR-40011009,,"Matolly PTY LTD ATF The Lyons Childcare Trust","Nido Early School","8 Smith St","MOSMAN PARK",WA,6012,12/05/2017,
PR-40011125,,"Resilience Education Pty Ltd","Resilience Education Pty Ltd T/as Early Years Education","71 Holland St",WEMBLEY,WA,6014,14/06/2017,
PR-40011268,,"TAGSFOE PTY LTD","Child Campus","14 Miles Loop",BAYNTON,WA,6714,12/06/2017,
PR-40011479,,"AMPI PTY LTD ATF RJ INVESTMENT TRUST",,"11 Kintail Rd",APPLECROSS,WA,6153,24/07/2017,
PR-40026140,,"Austway Early Learning Pty Ltd",,"1 Forrest St","SOUTH PERTH",WA,6151,16/07/2021,
PR-40026156,,"Lockridge ELC Pty Ltd","Eden Early Learning","21 Welbeck Rd","CANNING VALE",WA,6155,03/11/2021,
PR-40026212,,"Kindy in the Park Inc.","Kindy in the Park Mount Claremont","40a Strickland St","MOUNT CLAREMONT",WA,6010,24/09/2021,
PR-40026438,,"Harpreet Dhaliwal","The Village Childcare Services","7 Curringa Ct",YAKAMIA,WA,6330,30/09/2021,
PR-40026473,,"Young Bucks Early Learning Centres Pty Ltd","Young Bucks Early Learning Centres Pty Ltd","PO Box 188",COWARAMUP,WA,6284,17/09/2021,
PR-40026485,,"THE LITTLE TREE PRE-KINDY PTY LTD","The Little Tree Pre-Kindy Pty Ltd","226a Alice St",DOUBLEVIEW,WA,6018,01/09/2021,
PR-40026533,,"Hatch EL1 Pty Ltd",,"PO BOX 62","NORTH PERTH",WA,6906,05/08/2021,
PR-40026538,,"Kindy Ready Pty Ltd",,"162 Sackville Tce",DOUBLEVIEW,WA,6018,27/07/2021,
PR-40026584,,"Wendy Vaughan",,"32 Annandale Circle",KINROSS,WA,6028,09/12/2021,
PR-40015072,,"MERCY HUMAN SERVICES LIMITED",MercyCare,"PO Box 202",WEMBLEY,WA,6913,07/05/2018,
PR-40015181,,"A BRENNAN & G.J BRENNAN","Chuckles Childcare Centre","125 The Avenue",WARNBRO,WA,6169,22/03/2018,
PR-40015613,,"Alpha Education Group Pty Ltd","Alpha Education Group Pty Ltd","30 Fairland Loop",MADELEY,WA,6065,20/06/2018,
PR-40015971,,"East Fremantle Child Development Centre Inc","Stepping Stones Child Development Centre","6 Fortescue St","EAST FREMANTLE",WA,6158,12/06/2018,
PR-00007314,,"FSWAOSHC Pty Ltd","FSWAOSHC Pty Ltd","421 Alexander Drive",DIANELLA,WA,6059,01/08/2012,
PR-00007316,,"Funtrain Enterprises Pty Ltd ATF Polmear Family Trust","Funtrain Enterprises Pty Ltd","19 Loton Road",MILLENDON,WA,6056,01/08/2012,
PR-00007317,,"GD & KJ Pty Ltd ATF DJ Family Trust","GD & KJ PTY LTD","99 Cliff Street",SORRENTO,WA,6021,01/08/2012,
PR-00007319,,"Geographe Early Movement Services Pty Ltd ATF Kemo Trust","Gems Prep School","106 Geographe Bay Rd",DUNSBOROUGH,WA,6281,01/08/2012,
PR-00007323,,"Giggling Gecko Out of School Care Pty Ltd","Giggling Gecko Out of School Care Pty Ltd","17 LINDSAY BEACH BVD",YANCHEP,WA,6035,01/08/2012,
PR-00007328,,"Goomalling Gumnuts Inc.","Goomalling Gumnuts Inc.","PO Box 189",GOOMALLING,WA,6460,01/08/2012,
PR-00007331,,"Grader Investments Pty Ltd ATF The Grader Family Trust","Grader Investments Pty Ltd","PO Box 353",CANNINGTON,WA,6987,01/08/2012,
PR-00007332,,"Granny Glasgow Education and Care Inc.","Granny Glasgow Education and Care Inc.","PO Box 815",CARNARVON,WA,6701,01/08/2012,
PR-00007334,,"Guildford Grammar School Incorporated","Guildford Grammar School Incorporated","GUILDFORD GRAMMAR SCHOOL, 11 TERRACE RD",GUILDFORD,WA,6055,01/08/2012,
PR-00007338,,"Haoma Pty Ltd","Haoma Pty Ltd","100 Main St","TUART HILL",WA,6060,01/08/2012,
PR-00007341,,"Harton Holdings Pty Ltd ATF The MBW von Bergheim Family Trust","Harton Holdings Pty Ltd","20 Glenunga Way",CRAIGIE,WA,6025,01/08/2012,
PR-00007342,,"Harvey Community Play and Learning Centre Incorporated","Harvey Community Play and Learning Centre","P O  Box 106",HARVEY,WA,6220,01/08/2012,
PR-00007343,,"Headbrel Pty Ltd atf The Halls Head Trust",20605246414,"PO Box 1804",MANDURAH,WA,6210,01/08/2012,
PR-00007346,,"Hillarys Out of School Care Inc.","Hillarys Out of School Care Inc.","P.O Box 384",HILLARYS,WA,6923,01/08/2012,
PR-00007347,,"Hills Outside School Care Association Inc.","Hills Outside School Care Association Inc.","PO Box 89","GLEN FORREST",WA,6071,01/08/2012,
PR-00007348,,"HillSide Christian College Incorporated","HillSide Christian College Incorporated","336 Hawtin Road",FORRESTFIELD,WA,6058,01/08/2012,
PR-00007349,,"Hineidi Pty Ltd","Hineidi Pty Ltd","PO Box 957","JOONDALUP DC",WA,6919,01/08/2012,
PR-00007351,,"Horizons Childhood Learning Centres Pty Ltd","Horizons Childhood Learning Centres Pty Ltd","44 Marita Rd",NEDLANDS,WA,6004,01/08/2012,
PR-00007353,,"Fremantle Early Learning Centre Incorporated","Fremantle Early Learning Centre Incorporated","Doig Place",BEACONSFIELD,WA,6162,01/08/2012,
PR-00007354,,"Invision Holdings Pty Ltd atf The Asilo Family Trust","Bimbi Early Learning Centre","39 Hartwell Street",COOLBINIA,WA,6050,01/08/2012,
PR-00007355,,"Italo-Australian Welfare & Cultural Centre Inc","Italo-Australian Welfare & Cultural Centre Inc","209 Fitzgerald Street",PERTH,WA,6000,01/08/2012,
PR-00007356,,"J.K Millard Pty Ltd","No Change","PO BOX 5722","CABLE BEACH",WA,6726,01/08/2012,
PR-00007357,,"Jaliz Enterprises Pty Ltd ATF Chambers Childcare Trust","Jaliz Enterprises Pty Ltd","115 Robert St","HENLEY BROOK",WA,6055,01/08/2012,
PR-00007360,,"Jerramungup Occasional Child Care Association Inc","Jerramungup Occasional Child Care Association Inc","P O  Box 63",JERRAMUNGUP,WA,6337,01/08/2012,
PR-00007364,,"Joondalup Early Learning Centre Inc","Joondalup Early Learning Centre Inc","270 Joondalup Drive, Edith Cowan University",JOONDALUP,WA,6027,01/08/2012,
PR-00007365,,"Joondalup Family Centre Inc","Joondalup Family Centre Inc","25 Jolstra Crescent",JOONDALUP,WA,6027,01/08/2012,
PR-00007368,,"K G Coleman Pty Ltd","K G Coleman Pty Ltd","38 Grandmere Parade","MEADOW SPRINGS",WA,6210,01/08/2012,
PR-00007369,,"Kahlia Holdings Pty Ltd","Kahlia Holdings Pty Ltd","PO Box 453",BUSSELTON,WA,6280,01/08/2012,
PR-00007370,,"Kalamunda Out of School Centre Inc","Kalamunda Out of School Centre Inc","PO Box 326",KALAMUNDA,WA,6926,01/08/2012,
PR-00007371,,"Kalbarri Childcare Inc","Kalbarri Childcare","PO BOX 649",KALBARRI,WA,6536,01/08/2012,
PR-00007372,,"Kali Enterprises Pty Ltd ATF Kriscon Family Trust","Kali Enterprises Pty Ltd ATF Kriscon Family Trust","18 Sopwith Elb",MAYLANDS,WA,6051,01/08/2012,
PR-00007373,,"Kallaroo Community Kindergarten Inc.","Kallaroo Community Kindergarten Inc.","23 Batavia Place",KALLAROO,WA,6025,01/08/2012,
PR-00007375,,"Karaloar Nominees Pty Ltd","Karaloar Nominees Pty Ltd","PO Box 79",YORK,WA,6302,01/08/2012,
PR-00007376,,"Katanning Community Childcare Centre Inc","Katanning Community Childcare Centre Inc","PO  Box 633",KATANNING,WA,6317,01/08/2012,
PR-00007377,,"Kenwick Childcare Centre Pty Ltd","Kenwick Childcare Centre Pty Ltd","36 Kenwick Road",KENWICK,WA,6107,01/08/2012,
PR-00007381,,"Kidz Galore Pty Ltd","Kidz Galore Pty Ltd","144 Eton Street","NORTH PERTH",WA,6006,01/08/2012,
PR-00007383,,"KJS Kids Care (WA) Pty Ltd","KJS Kids Care (WA) Pty Ltd","Unit 8 13 Hobsons Gate",CURRAMBINE,WA,6028,01/08/2012,
PR-00007384,,"KJS Kids Care Holdings  Pty Ltd ATF KJS Investment Trust","KJS Kids Care Holdings Pty Ltd","unit 8/13 Hobsons Gate",CURRAMBINE,WA,6028,01/08/2012,
PR-00007386,,"Kojonup Child Care Centre Inc.","Kojonup Occasional Care Centre Inc","PO Box 241",KOJONUP,WA,6395,01/08/2012,
PR-00007387,,"Kool Kids WA Pty Ltd","Kool Kids WA Pty Ltd","30 La Grange Place","MEADOW SPRINGS",WA,6210,01/08/2012,
PR-00007390,,"L&Z Consulting Pty Ltd ATF The Hrbut Family Trust","L & Z Consulting Pty Ltd","8 GILES ST",LESMURDIE,WA,6076,01/08/2012,
PR-00007394,,"Learnaversity Pty Ltd ATF The Hocks Trust","Learnaversity Pty Ltd","28 GARFIELD DR",AUSTRALIND,WA,6233,01/08/2012,
PR-00007397,,"Leederville Early Childhood Centre Inc","Leederville Early Childhood Centre Inc","244a Vincent Street",LEEDERVILLE,WA,6007,01/08/2012,
PR-00007398,,"Leeming Out of School Care Centre Inc","Leeming Out of School Care Centre Inc","P.O. Box 193",WILLETTON,WA,6155,01/08/2012,
PR-00007399,,"Lefroy Road Child Care Centre Incorporated","Lefroy Road Child Care Centre Incorporated","P O  Box 137","SOUTH FREMANTLE",WA,6162,01/08/2012,
PR-00007400,,"Leinster Community Day Care Centre Inc","Leinster Community Day Care Centre Inc","PO Box 21",LEINSTER,WA,6437,01/08/2012,
PR-00007402,,"Let's Play Centre Pty Ltd","Let's Play Centre Pty Ltd","28 Comserv Loop",ELLENBROOK,WA,6069,08/08/2012,
PR-00007403,,"Liberi Pty Ltd","Liberi Pty Ltd","18 Kirkdale Avenue",FLOREAT,WA,6014,01/08/2012,
PR-00007404,,"Lingalonga Early Years Learning Centre Incorporated","Lingalonga Early Years Learning Centre Incorporated","PO Box 1088",ESPERANCE,WA,6450,01/08/2012,
PR-00007405,,"Little Giggles Child Care Centre Pty Ltd","Little Giggles Child Care Centre Pty Ltd","27 Changton Way",WESTMINSTER,WA,6061,01/08/2012,
PR-00007406,,"Little Nuggets Early Learning Centre Inc","Little Nuggets Early Learning Centre Inc","PO BOX 62","HALLS CREEK",WA,6770,01/08/2012,
PR-00007411,,"Lordale Pty Ltd","Lordale Pty Ltd","7 Lloyd Avenue",RAVENSWOOD,WA,6208,01/08/2012,
PR-00007414,,"Manbrel Pty Ltd T/A Play's Kool Mandurah ATF The Mandurah Trust","Play's Kool Mandurah","PO Box 1804",MANDURAH,WA,6210,01/08/2012,
PR-00007416,,"South Coast Baptist College Incorporated","South Coast Baptist College Incorporated","PO Box 6126",WAIKIKI,WA,6169,01/08/2012,
PR-00007418,,"Margaret River Community Centre Inc","Margaret River Community Centre Inc","33 Tunbridge St","MARGARET RIVER",WA,6285,01/08/2012,
PR-00007419,,"Marhen Pty Ltd","Marhen Pty Ltd","19 Clubhouse Lane",GNANGARA,WA,6077,01/08/2012,
PR-00007420,,"Marjorie Mann Lawley Day Care Centre Inc.","Marjorie Mann Lawley Day Care Centre Inc.","30 Clifton Crescent","MOUNT LAWLEY",WA,6050,01/08/2012,
PR-00007421,,"Marmion Avenue Community Child Care Incorporated","Marmion Avenue Community Child Care Incorporated","63 Almadine Drive",CARINE,WA,6020,01/08/2012,
PR-00007422,,"Honeywell Enterprise Pty Ltd","Matt and Alina Plant Hire Pty Ltd","82 Discovery Cres","PORT KENNEDY",WA,6172,01/08/2012,
PR-00007424,,"Meela Child Care Centre Inc","Meela Child Care Centre Inc","116 West Parade","MT LAWLEY",WA,6050,01/08/2012,
PR-00007425,,"Meerilinga Children and Community Services Incorporated","Meerilinga Children and Community Services Incorporated","PO Box 144",BALLAJURA,WA,6066,01/08/2012,
PR-00007426,,"Mercy Community Services Limited","Mercy Community Services Limited","PO Box 202",WEMBLEY,WA,6913,01/08/2012,
PR-00007429,,"Midi Property Investments Pty Ltd","Midi Property Investments Pty Ltd","UNIT 2 18 NICHE PDE",WANGARA,WA,6065,01/08/2012,
PR-00007430,,"Milligan House Child Care Centre Inc","Milligan House Child Care Centre Inc","35 Milligan Street",BUNBURY,WA,6230,01/08/2012,
PR-00007436,,"Stephanie Lea Goodlet","Oasis Outside School Hours Centre","PO Box 939",ROCKINGHAM,WA,6168,01/08/2012,
PR-00007441,,"Moolanda Care & Learning Centre Incorporated","Moolanda Care & Learning Centre Incorporated","133 Moolanda Bvd",KINGSLEY,WA,6026,01/08/2012,
PR-00007442,,"Moondyne Pty Ltd","Moondyne Pty Ltd","38 Walter Rd East",BASSENDEAN,WA,6054,01/08/2012,
PR-00007446,,"Mount Lawley Child Care Centre Inc","Mount Lawley Child Care Centre Inc","2 Bradford Street","MOUNT LAWLEY",WA,6050,01/08/2012,
PR-00007449,,"Andrea Lee Horstman","Mrs Andrea Lee Horstman","20 CEDAR CR",STRATHALBYN,WA,6530,01/08/2012,
PR-00007453,,"Mrs Tara Ellen McQueen and Mrs Jade Ristovski - executors of the estate of Annette Clark","Mrs Annette Eleanor Clark","477 Beechboro Road North",BEECHBORO,WA,6063,01/08/2012,
PR-00007465,,"Geraldine Ann O'Connor","Mrs Geraldine Ann O'Connor","40 Thelma Street",COMO,WA,6152,01/08/2012,
PR-00007466,,"Mrs Gillian Marie Smith","Mrs Gillian Marie Smith","79 Bluestone Parkway","SECRET HARBOUR",WA,6173,01/08/2012,
PR-00007467,,"Helen Maree Lloyd","Mrs Helen Maree Lloyd","33 Kaufman Avenue","OCEAN REEF",WA,6027,01/08/2012,
PR-00007469,,"Judith Millard","Kimberley Kids Outside School Hours Care","PO Box 5722",BROOME,WA,6725,01/08/2012,
PR-00007473,,"Katie Blythe Ryan","Ms Katie Blythe Ryan","40 KING EDWARD ST","SOUTH PERTH",WA,6151,01/08/2012,
PR-00007487,,"Shirley Dale Oswald","Mrs Shirley Dale Oswald","5 Penlea Glade",KIARA,WA,6054,01/08/2012,
PR-00007491,,"Mrs Tracey Ann Counsel","Mrs Tracey Ann Counsel","80 FREMANTLE RD",GOSNELLS,WA,6110,01/08/2012,
PR-00007497,,"Ms Joy Robustellini","Ms Joy Robustellini","100 Main Street","TUART HILL",WA,6060,01/08/2012,
PR-00007499,,"Kirstie Helen Rohl","Ms Kirstie Helen Rohl","PO Box 126","MARGARET RIVER",WA,6285,01/08/2012,
PR-00007503,,"Munchkin Manor Child Care Incorporated","Munchkin Manor Child Care Inc","P O Box 881",BUNBURY,WA,6230,01/08/2012,
PR-00007505,,"Mundarda Child Care Centre Inc","Mundarda Child Care Centre Inc","101 Challis Road",ARMADALE,WA,6112,01/08/2012,
PR-00007509,,"My World Child Development (Waikiki) Pty Ltd as Trustee for the My World Group Trust","My World Child Development (Waikiki) Pty Ltd  as Trustee for the My World Group Trust","2 Broadbeach Place",WAIKIKI,WA,6169,01/08/2012,
PR-00007512,,"Namrah Pty Ltd","Namrah Pty Ltd","15 Boyle Avenue",ROCKINGHAM,WA,6168,01/08/2012,
PR-00007513,,"Nannup Occasional Child Care Association Inc","Nannup Occasional Child Care Association Inc","P O Box 129",NANNUP,WA,6275,01/08/2012,
PR-00007515,,"Regional Early Education and Development Inc","Regional Early Education and Development Inc","PO BOX 390",NARROGIN,WA,6312,21/12/2012,
PR-00007517,,"Narula Holdings Pty Ltd ATF SEN Family Trust","Narula Holdings Pty Ltd ATF SEN Family Trust","34 Hesperia Avenue","CITY BEACH",WA,6015,01/08/2012,
PR-00007518,,"Natgor Pty Ltd atf Soldat Investment Trust","same as before","Unit 28 / 328 Albany Highway","VICTORIA PARK",WA,6100,01/08/2012,
PR-00007520,,"Newman Day Care Centre Incorporated","Newman Day Care Centre Incorporated","6 CALCOTT ST",NEWMAN,WA,6753,01/08/2012,
PR-00007521,,"Ngala Children's Services","Ngala Children's Services","8 George St",KENSINGTON,WA,6151,01/08/2012,
PR-00007522,,"Norbrel Pty Ltd atf The Newpark Trust","Play's Kool Marangaroo","PO Box 1804",MANDURAH,WA,6210,01/08/2012,
PR-00007524,,"Northampton Child Care Association Inc.","Northampton Child Care Association Inc.","PO Box 554",NORTHAMPTON,WA,6535,01/08/2012,
PR-00007525,,"Northcliffe Family Centre Incorporated","Northcliffe Family Centre Incorporated","PO Box 142",NORTHCLIFFE,WA,6262,01/08/2012,
PR-00007529,,"P & A Chemello Nominees Pty Ltd ATF Paul Chemello Family Trust","Kingsway Afterschool Care","UNIT 2 18 NICHE PDE",WANGARA,WA,6065,01/08/2012,
PR-00007530,,"Padbury Education & Child Care Centre Limited","Padbury Education & Child Care Centre Limited","PO Box 370",HILLARYS,WA,6025,01/08/2012,
PR-00007531,,"Paidia Pty Ltd atf Paidia Unit Trust","Paidia Pty Ltd atf Paidia Unit Trust","PO Box 145",Nedlands,WA,6009,01/08/2012,
PR-00007532,,"Palmorrell Pty Ltd ATF MP Unit Trust","Mindarie Keys Early Learning School","PO Box 413","QUINNS ROCKS",WA,6030,01/08/2012,
PR-00007534,,"Pemberton Community Child Care Centre Inc.","Pemberton Community Child Care Cente Inc.","PO Box 394",PEMBERTON,WA,6260,01/08/2012,
PR-40007662,,"DISNE PTY.LTD","Caterpillar Club House Child Care Centre","246 Keymer St",CLOVERDALE,WA,6105,14/06/2016,
PR-40007710,,"MURDOCK EARLY EDUCATION SCHOOLS PTY LTD",,"PO BOX 2110","YOKINE SOUTH",WA,6060,02/06/2016,
PR-40007824,,"BAYLINK PTY LTD ATF The McGee Family Trust","Beldon School of Early Learning","1 Eze Tce",HILLARYS,WA,6025,04/07/2016,
PR-40008002,,"H.M KEHOE & T MORRISSEY","Connections Family Day Care Scheme","4 Costate Rd",JINDALEE,WA,6036,17/08/2016,
PR-40008032,,"Evaline Kiden Gbondo","Excell Academy","6 Hazewinkel Gdns","CHAMPION LAKES",WA,6111,26/07/2016,
PR-40008439,,"Ghecko Forest PTY LTD ATF Ghecko Forest  Trust","Ghecko Forest Family Trust","23 Yalgorup Dr",BOUVARD,WA,6211,15/08/2016,
PR-40023053,,"Cuddles Childcare Centre Kelmscott Pty Ltd","Cuddles Early Learning & Childcare Kelmscott","Unit 3, 2 Page Rd",KELMSCOTT,WA,6111,14/07/2020,
PR-40023171,,"Belara Pty Ltd ATF The Woodbridge Unit Trust","Sonas Early Learning & Care Woodbridge","L 4  35-37 Havelock St","WEST PERTH",WA,6005,05/08/2020,
PR-40023244,,"Quest Early Learning PTY LTD",,"26A HARRIS ST",BICTON,WA,6157,11/09/2020,
PR-40023340,,"Chloe Chapman",,"5 Tulip Pl",DIANELLA,WA,6059,17/08/2020,
PR-40023399,,"Rockingham Montessori School Inc","Rockingham Montessori School","7 Attwood Way",ROCKINGHAM,WA,6168,01/09/2020,
PR-40023428,,"Tanaka Tendai Pty Ltd ATF The Mafara Family Trust","La Stella Montessori Childcare Centre","U 7  13 Belcastro Way",MADELEY,WA,6065,06/10/2020,
PR-40023562,,"Cha Cha Cha Group Pty Ltd",,"11 MURRAY ST",BAYSWATER,WA,6053,08/09/2020,
PR-00010358,,"VINLOW & CO PTY LTD",,"8 GRIDLEY ST","MOUNT TARCOOLA",WA,6530,01/04/2025,
PR-00010409,,"E&E PARTNERS PTY LIMITED","Tinker Tots Early Learning Centre","83A SOLAR WAY",CARLISLE,WA,6101,20/03/2025,
PR-00010449,,"Alona Canoy Dabuan","Alona Dabuan","9 BRASSICA ST",WELLARD,WA,6170,17/04/2025,
PR-00010513,,"NEWMAN NEIGHBOURHOOD CENTRE INC",,"PO BOX 419",NEWMAN,WA,6753,05/09/2025,
PR-00010529,,"AESOP PROPERTY GROUP PTY LTD","Flourish at the Little House","197 BURNISTON ST",SCARBOROUGH,WA,6019,08/08/2025,
PR-00010540,,"GIDGE KIDS PTY LTD",,"1408 TOODYAY RD",GIDGEGANNUP,WA,6083,18/06/2025,
PR-00010557,,"HONEYBEE EMPIRE PTY LTD ATF The Trustee for Elysian Trust",,"UNIT 4 46 GRESHAM ST","VICTORIA PARK",WA,6100,06/06/2025,
PR-40030840,,"TREASURED TOTS EARLY EDUCATION HAMERSLEY PTY LTD","Treasured Tots Early Education Hamersley","PO BOX 1691","Melville South",WA,6156,25/10/2022,
PR-40030881,,"Cuddles Childcare Canning Vale PTY LTD","Cuddles Early Learning & Childcare Centre Canning Vale","PO Box 3082","CARLISLE SOUTH",WA,6101,21/11/2022,
PR-40030995,,"WHITE GUM FAMILY DAY CARE SERVICE PTY LTD","White Gum Family Daycare Service","4 Hythe Lane",WELLARD,WA,6170,24/11/2022,
PR-40031108,,"Cari Warr","Cari Warr","2 Hesketh Way","BAYONET HEAD",WA,6330,30/12/2022,
PR-40031302,,"NEW HORIZONS OSHC PTY LTD","NEW HORIZONS OSHC PTY LTD","10 Hackney Way",YANCHEP,WA,6035,21/03/2023,
PR-40031405,,"Tess Pauline Dillon",,"20 Sweeney Way",PADBURY,WA,6025,16/06/2023,
PR-40031434,,"RYMEN GROUP PTY LTD","Barefoot Early Learning","4 Winning Rd",BYFORD,WA,6122,18/01/2023,
PR-00008155,,"AUSSIE KIDZ CHILDCARE AND EDUCATION SERVICES PTY LTD","Aussie Kids Childcare and Education Services","134 High Road (enter from Valmae Rd),",RIVERTON,WA,6148,25/10/2012,
PR-00008157,,"WESTERN STAR KIDS FAMILY DAY CARE PTY LTD","Western Star Kids Family Day Care","2/31 Century Road",MALAGA,WA,6090,24/10/2012,
PR-00008160,,"Community Vision Australia Limited","Community Vision Australia Limited","16 Clarke Crescent",JOONDALUP,WA,6027,20/12/2012,
PR-00008162,,"Roberta Jull Family Day Care Association Inc.","Roberta Jull Family Day Care Service","29 Wheatley Street",GOSNELLS,WA,6110,31/10/2012,
PR-00008183,,"Marninwarntikura Fitzroy Women's Resource Centre - Aboriginal Corporation",,"PO Box 356","FITZROY CROSSING",WA,6765,14/12/2012,
PR-00008184,,"A AHMED & S.A HUSSEIN","SAIYAN FAMILY DAY CARE","4 Copperback Cir",HUNTINGDALE,WA,6110,14/12/2012,
PR-00008187,,"Wanslea Limited","Wanslea Limited","PO Box 211",SCARBOROUGH,WA,6922,20/12/2012,
PR-00008195,,"Garbutt Holding Pty Ltd atf Garbutt Trust","Garbutt Holding Pty Ltd atf Garbutt Trust","18 Hasties Road",GELORUP,WA,6230,22/01/2013,
PR-00008198,,"Port Kennedy Child Care Pty Ltd",,"90 Casserly Drive",LEEMING,WA,6149,30/01/2013,
PR-00008199,,"Shoalwater Child Care Pty Ltd",,"90 Casserly Drive",LEEMING,WA,6149,30/01/2013,
PR-00008200,,"Warnbro Out Of Hours School Care Pty Ltd",,"90 Casserly Drive",LEEMING,WA,6149,30/01/2013,
PR-00008208,,"AFH & RLS Holdings Pty Ltd","The Hangout Outside of School Hours Care","6 Sisley App",TAPPING,WA,6065,02/04/2013,
PR-00008209,,"Hub Connections Pty Ltd","Leeming Child Care Centre","71 Calley Drive",LEEMING,WA,6149,02/04/2013,
PR-00008210,,"South Perth Community Resources Inc","Mosaic Early Learning Centre","2 Lawler Street","SOUTH PERTH",WA,6151,02/04/2013,
PR-00008212,,"Acacia Hill Childcare Pty Ltd","Acacia Hill Childcare Pty Ltd","U 34  10 Geddes Street",BALCATTA,WA,6021,05/04/2013,
PR-00008220,,"Young (2013) Pty Ltd as Trustee of the Young Family Trust","Young (2013) Pty Ltd as Trustee of the Young Family Trust","PO Box 452",KWINANA,WA,6966,12/04/2013,
PR-00008222,,"Bakers Hill Out of School Hours Care Inc","Bakers Hill Out of School Hours Care Inc","PO Box 304","BAKERS HILL",WA,6562,23/04/2013,
PR-00008224,,"Shire of Boddington","Shire of Boddington","PO Box 4",BODDINGTON,WA,6390,06/05/2013,
PR-00008228,,"Daisy Chain Early Learning Pty Ltd","Addison Park Day Care","23 Chatsworth Drive",HOCKING,WA,6065,06/06/2013,
PR-00008230,,"Ganesh Properties Pty Ltd ATF Durga Family Trust","Astep Ahead CCC","37 The Anchorage",MAYLANDS,WA,6051,21/05/2013,
PR-00008231,,"The Bridge Organisation Incorporated","Canning Bridge Early Learning Centre","PO Box 404",COMO,WA,6925,27/05/2013,
PR-00008232,,"Diyajay Pty Ltd ATF Bhavsumi Family Trust","Young Smarties Child Care Centre","103a Cooper St",MADELEY,WA,6065,21/05/2013,
PR-00008233,,"Kidz Retreat Pty Ltd","Kidz Retreat","PO Box 370",GERALDTON,WA,6530,27/06/2013,
PR-00008238,,"Dalkeith ELC Pty Ltd ATF Dalkeith ELC Trust","Dalkeith Early Learning Centre","P O Box 933",NEDLANDS,WA,6909,12/07/2013,
PR-00008240,,"Kids Care Group Pty Ltd ATF Kids Care Investment Trust","Whitford Out of School Kids Care","U 8 13 Hobsons Gate",CURRAMBINE,WA,6028,06/06/2013,
PR-00008243,,"Raff's Investment Holdings Pty Ltd","Tiny Beez","50A VICTORIA AV",CLAREMONT,WA,6010,24/06/2013,
PR-00008247,,"JLB Pty Ltd","JLB Pty Ltd","4 Watt Street",HILLARYS,WA,6025,12/07/2013,
PR-00008252,,"MR Holdings Pty Ltd","Nature Alliance Family Day Care Service","PO Box 505",DUNSBOROUGH,WA,6281,16/08/2013,
PR-00008255,,"Awil Abdullahi Liban","WA-Multicultural Family Day Care","58 Barbarossa Drive",CAVERSHAM,WA,6055,09/09/2013,
PR-00008257,,"ByQuart Pty Ltd","Byford Child care Centre","P O Box 48",PARKWOOD,WA,6147,05/09/2013,
PR-00008258,,"Alpha Family Day Care Services Pty Ltd",,"U 3  57 Frobisher St","OSBORNE PARK",WA,6017,06/11/2013,
PR-00008260,,"Scholi Pty Ltd atf Scholi Unit Trust","North Fremantle School of Early Leanring","PO Box 145",Nedlands,WA,6009,16/10/2013,
PR-00008261,,"Blue Angel Enterprises Pty Ltd ATF GTT Family Trust","Ellenbrook's Woodlake Childcare Centre","3 Wing Court",MAYLANDS,WA,6051,16/10/2013,
PR-00008262,,"SVP Transport Pty Ltd ATF Petkovski Family Trust","Marangaroo Child Care Centre","PO Box 4290","ALEXANDER HEIGHTS",WA,6064,05/11/2013,
PR-00008263,,"Flash Gordon LGC Pty Ltd ATF Flash Gordon Trust","Little Generation Childcare","31 Wilga Ct",BANJUP,WA,6164,16/10/2013,
PR-00008267,,"WA Council On Addictions","Cyrenian House","P.O. Box 149",NORTHBRIDGE,WA,6865,15/11/2013,
PR-00008276,,"Treasured Tots Child Care Pty Ltd ATF Treasured Tots Child Care Trust",,"PO Box 1691",MELVILLE,WA,6956,26/11/2013,
PR-00008279,,"Chrysalis Montessori School Inc","Chrysalis Montessori After School Care","3-5 Parkland Drive",GLENDALOUGH,WA,6016,22/05/2014,
PR-00008280,,"Port School Incorporated",,"Port School, PO Box 368","HAMILTON HILL",WA,6963,22/05/2014,
PR-00008289,,"Colleen Farawah","Fun Station Midland","31 Bromley Road","HERNE HILL",WA,6056,04/03/2014,
PR-00008293,,"J.A Milland & J.A Rodi ATF The Trustee for JA Frisina Family Trust & The Trustee for JA Rodi Family","Discovery Kids","11 Drakes Walk",SORRENTO,WA,6020,28/01/2014,
PR-00008296,,"WYLIE LEARNING AND DEVELOPMENT PTY LTD",,"19 Georgette Way",PREVELLY,WA,6285,03/04/2014,
PR-00008301,,"Maximal Enterprises Pty Ltd",,"84 McCourt Street",LEEDERVILLE,WA,6007,06/05/2014,
PR-00008816,,"RMMCL Group Pty Ltd","RMMCL Group Pty Ltd","PO Box 5530","CANNING VALE SOUTH",WA,6155,29/10/2014,
PR-00008825,,"Hadema Holdings Pty Ltd atf Hadema Unit Trust","Kids HQ","PO Box 2045","HIGH WYCOMBE",WA,6057,16/12/2014,
PR-00008832,,"Lee Germain",,"17 Alfred Close","SAFETY BAY",WA,6169,07/04/2015,
PR-00009067,,"Oberg Investments Pty Ltd ATF The Oberg Family Trust","Oberg Investments Pty Ltd ATF The Oberg Family Trust","22 Skylark Loop",ERSKINE,WA,6210,27/03/2015,
PR-00009075,,"Jenelle Marion Turnbull",,"14 Windchime Tce",ATWELL,WA,6164,13/05/2015,
PR-00009099,,"Rebecca Jane Van Der Kwast","Creating Calm","4 Blee Court",ROCKINGHAM,WA,6168,28/10/2015,
PR-00009204,,"Prendco Pty Ltd ATF M & S Prendergast Family Trust",,"69 Poincaire St",BALCATTA,WA,6021,14/01/2016,
PR-00009216,,"PLEBES PTY LTD ATF Little Treasures Trust",,"18 Kirkdale Avenue",FLOREAT,WA,6014,26/04/2016,
PR-00009224,,"Childrens Play and Learn Pty Ltd ATF CPL (WA) Unit Trust",,"PO Box 413","QUINNS ROCKS",WA,6030,28/06/2016,
PR-00009297,,"Growin Education Group Pty Ltd",,"Unit 3 Level 3, 100-104 Murray St",PERTH,WA,6000,13/07/2017,
PR-40033357,,"BEVERLY GROUP 3 PTY LTD","The Akidamy School of Early Learning - Fremantle","10 Beverley Street",COOLBINIA,WA,6050,29/06/2023,
PR-40033420,,"Evdomos Pty Ltd atf Evdomos Unit Trust","Evdomos Pty Ltd atf Evdomos Unit Trust","PO Box 145",Nedlands,WA,6009,28/09/2023,
PR-40033429,,"KENTROSAURUS PTY LTD",,"Se 13b  431 Roberts Rd",SUBIACO,WA,6008,20/07/2023,
PR-40033430,,"EUROPASAURUS PTY LTD",,"C/O UTOPIA CA PTY LTD, Suite B13,  431 Roberts Road, SUBIACO WA 6008",SUBIACO,WA,6008,20/07/2023,
PR-40033449,,"HIVE EDUCATION PTY LTD",,"33 PROSSER WAY",MYAREE,WA,6154,20/07/2023,
PR-40033526,,"Naran (WA) Pty Ltd",,"23 TOLEDO DR",HOCKING,WA,6065,23/11/2023,
PR-40033578,,"TIRAJ PTY LTD",,"39 PLUMOSA CRESCENT",DAYTON,WA,6055,14/09/2023,
PR-40033597,,"GD & KJ ENTERPRISES PTY LTD ATF Showie Family Trust","Exmouth Early Learning Centre","PO Box 1149",EXMOUTH,WA,6707,23/08/2023,
PR-40033599,,"Flourish Early Learning & Education Pty. Ltd.",,"335 Pier St",PERTH,WA,6000,24/08/2023,
PR-40033708,,"SPINOSAURUS PTY LTD",,"C/O UTOPIA CA PTY LTD, Suite B13, 431 Roberts Road, SUBIACO WA 6008",SUBIACO,WA,6008,27/07/2023,
PR-40033849,,"TREASURED TOTS EARLY EDUCATION BENNETT SPRINGS PTY LTD","Treasured Tots Early Education Bennett Springs","PO BOX 1691",MELVILLE,WA,6156,07/08/2023,
PR-40034031,,"Kritosaurus Pty Ltd",,"C/O UTOPIA CA PTY LTD, Suite B13, 431 Roberts Road, SUBIACO WA 6008",SUBIACO,WA,6008,04/09/2023,
PR-40034111,,"WA EARLY LEARNING PTY LTD",,"PO Box 423","MOUNT LAWLEY",WA,6929,07/09/2023,
PR-00011356,,"PEACOCK RIDER INVESTMENTS PTY LTD",,"18 SHAFTESBURY WAY",WELLARD,WA,6170,02/12/2025,
PR-00011467,,"CH & DS PTY LTD",,"17A BOLAS CT",MYAREE,WA,6154,07/11/2025,
PR-00011495,,"KALLAROO PLAY AND LEARN PTY LTD","Kallaroo Play and Learn Pty Ltd","Unit 45, 57 Joondalup Drive",EDGEWATER,WA,6027,18/12/2025,
PR-00011522,,"Mezzanine Nominees Pty Ltd atf Natureplay Early Learning Trust","None Registered","Unit 3, 7 Oakney Avenue",Nollamara,WA,6061,03/12/2025,
PR-00011539,,"ZEN FOR KIDS ELC PTY LTD","Zen for Kids","111 YORK ST",BEDFORD,WA,6052,18/12/2025,
PR-00011547,,"VIC PARK EARLY LEARNING PTY LTD","Vic Park Early Learning","184A SHEPPERTON RD","EAST VICTORIA PARK",WA,6101,12/12/2025,
PR-00011581,,"Panda Early Learning Centre Joondanna Pty Ltd","Panda Early Learning Centre Joondanna","78 RYRIE AV",COMO,WA,6152,23/12/2025,
PR-40000015,,"Rong Omar","Step By Step Family Day Care","2, 75 Honeywell Bvd",MIRRABOOKA,WA,6061,30/08/2012,
PR-40010025,,"VS INVESTMENT GROUP PTY LTD","VS INVESTMENT GROUP PTY LTD","9 Cheval Pl","CANNING VALE",WA,6155,17/02/2017,
PR-40010168,,"BMELC Pty Ltd","Bright Minds Early Learning Centre WA","PO BOX 2131",MARMION,WA,6020,04/05/2017,
PR-40010228,,"Alkimos School of Early Learning PTY LTD","Alkimos School of Early Learning","U 2/18 Niche Pde",WANGARA,WA,6065,07/04/2017,
PR-40010233,,"Timms Early Education PTY LTD","Tiny Timms Ealry Education Centre Singleton","49 Navigator Dr",SINGLETON,WA,6175,05/04/2017,
PR-40010553,,"EARLY START MANDARIN PTY. LTD.","EARLY START MANDARIN","L 2 553 Hay St",CRAWLEY,WA,6000,14/06/2017,
PR-40010643,,"Tenth Avenue Childcare Pty Ltd ATF Tenth Avenue Childcare Trust","Tenth Avenue Childcare Inglewood","53b Lancaster St",DIANELLA,WA,6059,03/05/2017,
PR-40010672,,"Inessence Pty Ltd ATF The Trustee for the Inessence Trust","L'Atelier for Children","26 Woodstock St","MOUNT HAWTHORN",WA,6016,07/06/2017,
PR-40025319,,"MELSD PTY LTD",,"PO Box 413","QUINNS ROCKS",WA,6030,17/03/2021,
PR-40025369,,"LITTLE SCHOOL EARLY LEARNING PTY LTD","Little School Early Learning","780 Great Northern Hwy","HERNE HILL",WA,6056,26/08/2021,
PR-40025588,,"EARLY LEARNING RITUALS PTY LTD","Early Learning Rituals","138 Bushmead Road",HAZELMERE,WA,6055,19/05/2021,
PR-40025830,,"Kinross Child Care Pty Ltd atf KINROSS CHILD CARE TRUST","Little Buckets Kinross","U 8  13 Hobsons Gte",CURRAMBINE,WA,6028,27/05/2021,
PR-40025834,,"Lettel Pty Ltd","It Takes A Village Family Day Care Service","150 Adelaide Tce","EAST PERTH",WA,6004,17/12/2021,
PR-00011125,,"MICABB PTY LTD",,"20 NOVARA WAY",STIRLING,WA,6021,05/11/2025,
PR-00011137,,"BILINGUAL BY FIVE HOLDINGS PTY LTD",,"UNIT 10 166 BRIGHTON RD",SCARBOROUGH,WA,6019,19/09/2025,
PR-00011155,,"GS GROUP WA PTY LTD",,"UNIT 13 268-272 WHARF ST","QUEENS PARK",WA,6107,21/11/2025,
PR-00011168,,"LITTLE BRIGHT EXPLORERS ATTADALE PTY LTD",,"11 KINTAIL RD",APPLECROSS,WA,6153,10/11/2025,
PR-00011231,,"BLUEBIRD HOMECARE PTY LTD",,"331 PARK ST",BRABHAM,WA,6055,02/10/2025,
PR-00011238,,"LOVARI EARLY LEARNING PTY LTD",,"56 BROMFIELD DR",KELMSCOTT,WA,6111,07/10/2025,
PR-00011241,,"N CHEMELLO HOLDINGS PTY LTD",,"UNIT 2 18 NICHE PDE",WANGARA,WA,6065,16/09/2025,
PR-00011258,,"Noah’s Ark Kindy and Early Learning Pty Ltd atf Noah’s Ark Family Trust","Noah's Ark Kindy and Early Learning","9 GALAH WAY",WANDI,WA,6167,24/11/2025,
PR-00011324,,"PEEL YOUTH SERVICES INCORPORATED","CHOYCES EARLY LEARNING CENTRE","PO BOX 117",MANDURAH,WA,6210,22/12/2025,
PR-40017962,,"BLUE GUM MONTESSORI SCHOOL INC.","Blue Gum Monstessori School","Blue Gum Montessori School, 11 Hope Rd","BIBRA LAKE",WA,6163,17/12/2018,
PR-40018139,,"5 SENSES PTY LTD",,"908 BEAUFORT ST",INGLEWOOD,WA,6052,18/12/2018,
PR-40018167,,"KINDLEY HOLDINGS PTY LTD","FICA CHILDCARE AND EARLY LEARNING CENTRE","10-14 PALMERSTON ST","ST JAMES",WA,6102,13/02/2019,
PR-40018203,,"OBO CO. PTY LTD",,"40 Thelma St",COMO,WA,6152,17/01/2019,
PR-40018211,,"Happy Tone Education and Service Group Pty Ltd","Happy Tone Children's Wonderland","19B Reddington Way",BRENTWOOD,WA,6153,06/12/2018,
PR-40018251,,"RIGHTWAY LEARNING FAMILY DAY CARE PTY LTD","RIGHTWAY LEARNING FAMILY DAY CARE PTY LTD","26 Plender Road",CAVERSHAM,WA,6055,05/02/2019,
PR-40018339,,"De Hoff Pty Ltd","Mini Bambini","10 Decora Ct",WANNEROO,WA,6065,27/03/2019,
PR-40018379,,"Young Plus Group Pty Ltd","Bubbleville Academy","266 Oxford St",LEEDERVILLE,WA,6007,07/03/2019,
PR-40018592,,"LOCHAM ENTERPRISES PTY LTD","Kensington Montessori Early Learning Centre","57 Albatross Loop","BENNETT SPRINGS",WA,6063,07/03/2019,
PR-40018757,,"Ektos Pty Ltd atf Ektos Unit Trust","Ektos Pty Ltd atf Ektos Unit Trust","PO Box 145",Nedlands,WA,6009,29/03/2019,
PR-40002660,,"PLAYFUL LEARNERS PTY LTD",,"18 Quincy Loop",ILUKA,WA,6028,29/10/2014,
PR-40002707,,"French School of Perth Pty Ltd as Trustee for The Gault Family Trust","French School of Perth Pty Ltd as Trustee for The Gault Family Trust","18 Sellars Way","BULL CREEK",WA,6149,06/01/2015,
PR-40002798,,"Family Tree (WA) Pty Ltd",,"173 Gaebler Rd","AUBIN GROVE",WA,6164,05/12/2014,
PR-40006565,,"Surtees Nominees Pty Ltd ATF Alcama Trust","Olive Grove Centre of Early Learning","8 Carmine Cl","SOUTHERN RIVER",WA,6110,03/03/2016,
PR-40006575,,"Amy Marie Short","Our Place Out of School Hours Care & Pre-Kindy","U 1  29-31 Dixon Rd",ROCKINGHAM,WA,6168,02/02/2016,
PR-40006645,,"Callie Dee Fort ATF The Indge Family Trust",,"92 Canterbury Tce","EAST VICTORIA PARK",WA,6101,22/01/2016,
PR-40006879,,"Fox and Gordon Pty Ltd","Montessori Early Years Learning and Care Centre","3 High St",DAMPIER,WA,6713,01/03/2016,
PR-40007009,,"EDUCCARE PTY LTD",,"11 Woolwich Cl",KALLAROO,WA,6025,25/05/2016,
PR-40007242,,"Kids Active Pty Ltd","Kids Active","21 Welbeck Road","CANNING VALE",WA,6155,19/04/2016,"In addition to compliance with the prescribed educator to child ratio set out in regulation 123 of the Education and Care Service National Regulations 2012 (Regulations), the approved provider must ensure that a minimum ratio of 1 educator to 7 children is maintained at all times for all excursions, as defined in the Regulations and including during the transportation of children to and from the service for the purpose of an excursion, across all services.

"
PR-40007461,,"Lynette Hill","LM Hill","PO Box 206",WYNDHAM,WA,6740,03/05/2016,
PR-00010077,,"BUTLER EARLY LEARNING PTY LTD","BUTLER EARLY LEARNING PTY LTD","Unit 45, 57 Joondalup Drive",EDGEWATER,WA,6027,05/11/2024,
PR-00010113,,"ANR GROUP PTY LTD","MindChamps Early Learning","33 MARTINICH DR",CAVERSHAM,WA,6055,12/02/2025,
PR-00010123,,"FINASURE PTY LTD",,"113B HAMPTON RD","SOUTH FREMANTLE",WA,6162,13/01/2025,
PR-00010176,,"Read 2 Grow 2 Pty Ltd ATF Read 2 Grow Unit Trust No 2","Read 2 Grow Early Learning Child Care Centre","158 COAST RD",DAYTON,WA,6055,26/11/2024,
PR-00010209,,"REGIONAL DISABILITY SERVICES AUSTRALIA PTY LTD","Patches Australia","HOMEBASE WEMBLEY, 55 SALVADO RD",SUBIACO,WA,6008,02/01/2025,
PR-00010213,,"ELOPURA CARE PTY LTD",TBC,"20B TROY ST",APPLECROSS,WA,6153,31/01/2025,
PR-00010226,,"ZAYDON GROUP PTY LTD",,"12 JERSEY ST",NARROGIN,WA,6312,02/01/2025,
PR-00010231,,"VAN HERK CORPORATION PTY LTD",,"11 BOXGUM LINK",WANNANUP,WA,6210,08/01/2025,
PR-00010244,,"AMARA EARLY LEARNING CENTRE 1 PTY LTD",,"LEVEL 1 308 FITZGERALD ST",PERTH,WA,6000,19/12/2024,
PR-00010255,,"GERARD V PETER PTY LTD ATF GVPeter Family Trust","Gerard V Peter Pty Ltd","27 PHILADELPHIA PDE","CANNING VALE",WA,6155,07/02/2025,
PR-00010275,,"LEI-GRIGSON PTY LTD","Mindchamps Early Education","10 HARMONY AV",CLARKSON,WA,6030,26/02/2025,
PR-00010278,,"TEDDINGTON BEARS ELC PTY LTD","Teddington Bears Early Learning Centre","4 LOCKE CR","EAST FREMANTLE",WA,6158,17/01/2025,
PR-00010281,,"BEVERLY GROUP 2 PTY LTD","The Akidamy School of Early Learning - Mount Hawthorn","10 BEVERLEY ST",COOLBINIA,WA,6050,20/12/2024,
PR-00010285,,"CHILDREN FAMILY FUTURE PTY LTD","Skylar Early Learning Pioneer Road","67 DAVID ST","SPENCER PARK",WA,6330,17/01/2025,
PR-00010313,,"HAIKU EARLY LEARNING MADDINGTON PTY LTD","Haiku Early Learning Maddington","7 RAPHAEL RISE",LANDSDALE,WA,6065,13/01/2025,
PR-40022201,,"Weston (WA) Subdivision Pty Ltd ATF The Weston Trust","Bee on Hadfield","40 Beach Rd",DUNSBOROUGH,WA,6281,12/03/2020,
PR-40022368,,"Cuddles Childcare Centre Byford Pty Ltd","Cuddles Early Learning & Childcare Byford","4 Warrington Road",BYFORD,WA,6122,16/03/2020,
PR-40022371,,"Village School Association Inc","Pioneer Village school","Pioneer Village School, 7 Albany Hwy",ARMADALE,WA,6112,26/06/2020,
PR-40022621,,"A.L TALMAGE & J.E TALMAGE","Skylar Early Childhood Education & Care","531 Surrey Downs Rd",PORONGURUP,WA,6324,19/05/2020,
PR-40022697,,"KOOLANGA PTY LTD","Koolanga Pty Ltd","8 Coldlake Court",JOONDALUP,WA,6027,18/03/2020,
PR-00007186,,"A1 Fun Pty Ltd","A1 Fun Pty Ltd","PO Box 3253",MANDURAH,WA,6210,01/08/2012,
PR-00007187,,"AALUBRE Pty Ltd","AALUBRE Pty Ltd","41 Nyandi Court",THORNLIE,WA,6108,01/08/2012,
PR-00007188,,"About Child Care Pty Ltd","About Child Care Pty Ltd","P.O. Box 3253",MANDURAH,WA,6210,01/08/2012,
PR-00007189,,"ABWEH Pty Ltd","ABWEH Pty Ltd","271-273 Ewen Street",WOODLANDS,WA,6018,01/08/2012,
PR-00007190,,"Acacia Hill Pty Ltd","Acacia Hill Pty Ltd","U 34  10 Geddes Street",BALCATTA,WA,6021,01/08/2012,
PR-00007193,,"Albany Occasional Child Care Centre Inc","Albany Occasional Child Care Centre Inc","Cnr Collie & Vancouver St",ALBANY,WA,6330,01/08/2012,
PR-00007194,,"Aldabuilda Pty Ltd atf The Broadbent Family Trust","Aldabuilda Pty Ltd","7 Lynwood Avenue",LYNWOOD,WA,6148,01/08/2012,
PR-00007196,,"All Saints' College Inc.","All Saints' College Inc.","PO Box 165",WILLETTON,WA,6955,01/08/2012,
PR-00007198,,"Annie's Angels Play and Development Centre Pty Ltd","Annie's Angels Play and Development Centre Pty Ltd","PO Box 205",HARVEY,WA,6220,01/08/2012,
PR-00007205,,"B.A. & K.S. Roberts Pty Ltd","B.A. & K.S. Roberts Pty Ltd","36-38 Wyperfield Gardens",BALLAJURA,WA,6066,01/08/2012,
PR-00007206,,"B.E.E Centre Pty Ltd","B.E.E Centre Pty Ltd","PO Box 48",BUSSELTON,WA,6280,01/08/2012,
PR-00007208,,"Balga Senior High School Child Care Centre Inc","Balga Senior High School Child Care Centre Inc","2 Markham Way",BALGA,WA,6061,01/08/2012,
PR-00007211,,"BCC (WA) Holdings Pty Ltd","BCC (WA) Holdings Pty Ltd","54 Constellation Dve","OCEAN REEF",WA,6027,01/08/2012,
PR-00007216,,"Billabong Community Child Care Centre Inc.","Billabong Community Child Care Centre Inc.","PO Box 1261","EAST VICTORIA PARK",WA,6981,01/08/2012,
PR-00007217,,"Binningup Occasional Child Care Centre Inc.","Binningup Occasional Child Care Centre Inc.","1 Driftwood Way",BINNINGUP,WA,6233,01/08/2012,
PR-00007218,,"Birra-li Child Care Association Inc","Birra-li Child Care Association Inc","1 STACEY ST",WILLAGEE,WA,6156,01/08/2012,
PR-00007220,,"Blue Gum Early Learning and Child Care Centre Incorporated","Blue Gum Early Learning and Child Care Centre Incorporated","33 Moolyeen Road",BRENTWOOD,WA,6153,01/08/2012,
PR-00007221,,"Booragoon Occasional Child Care Centre Incorporated","Booragoon Occasional Child Care Centre Incorporated","PO Box 1242",BOORAGOON,WA,6154,01/08/2012,
PR-00007223,,"Braig Pty Ltd","Braig Pty Ltd","PO BOX 134",HILLARYS,WA,6923,01/08/2012,
PR-00007224,,"Bremer Bay Community Resource & Visitors Centre Inc","Bremer Bay Community Resource & Visitors Centre Inc","1 Mary St","BREMER BAY",WA,6338,01/08/2012,
PR-00007225,,"Brockman House Inc","Brockman House Inc","181 Altone Rd",BEECHBORO,WA,6063,01/08/2012,
PR-00007228,,"Broome Out of School Care Children's Activities Incorporated","Broome Out of School Care Children's Activities Incorporated","P O Box 1341",BROOME,WA,6725,01/08/2012,
PR-00007232,,"Bunbury Cathedral Grammar School Inc","Bunbury Cathedral Grammar School Inc","PO Box 1198",BUNBURY,WA,6231,01/08/2012,
PR-00007236,,"Cachet Holdings Pty Ltd ATF Morgan Family Trust","Cachet Holdings Pty Ltd","9 Cressall Rd",BALCATTA,WA,6021,01/08/2012,
PR-00007238,,"Canning Vale Prekindy Inc","Canning Vale Prekindy Inc","PO Box 5661","CANNING VALE SOUTH",WA,6155,01/08/2012,
PR-00007240,,"Care for Kids Pty Ltd ATF Care For Kids Trust","Care for Kids Pty Ltd ATF Care For Kids Trust","2 MILSON PL",O'CONNOR,WA,6163,01/08/2012,
PR-00007242,,"Carey Community Resources Ltd","Jump Carey Early Development","PO Box 1409","CANNING VALE",WA,6155,01/08/2012,
PR-00007248,,"Childcare Extraordinaire PTY LTD","Childcare Extraordinaire PTY LTD","PO Box 532",CAPEL,WA,6271,01/08/2012,
PR-00007250,,"One Tree Community Services Inc","One Tree Community Services Inc","PO Box 3074","BELMONT EAST",WA,6104,01/08/2012,
PR-00007251,,"Christian City Church Hepburn Heights Incorporated","Christian City Church Hepburn Heights Incorporated","PO Box 220, Kingsway LPO",LANDSDALE,WA,6065,01/08/2012,
PR-00007253,,"Christine Michele Gumpold ATF Gumpold Creaney Family Trust","Christine Gumpold","PO Box 1319","MARGARET RIVER",WA,6285,01/08/2012,
PR-00007254,,"Christmas Island Daycare Centre Inc.","Christmas Island Daycare Centre Inc.","PO Box 632","CHRISTMAS ISLAND",WA,6798,01/08/2012,
PR-00007255,,"City of Albany","City of Albany","PO Box 484",ALBANY,WA,6330,01/08/2012,
PR-00007256,,"Bayswater Child Care Association (Incorporated)","Bayswater Child Care Association (Incorporated)","27 Silverwood Street",EMBLETON,WA,6062,01/08/2012,
PR-00007259,,"City of Cockburn","City of Cockburn","PO Box 1215","BIBRA LAKE DC",WA,6965,01/08/2012,
PR-00007263,,"City Of Perth","City Of Perth","GPO Box C120",PERTH,WA,6000,01/08/2012,
PR-00007268,,"CJAY Holdings Pty Ltd ATF C Morgan Family Trust","CJay Holdings Pty Ltd","PO BOX 1094","WANGARA DC",WA,6947,01/08/2012,
PR-00007269,,"Climb ELC Pty Ltd atf The Climb Trust","Climb Early Learning Centre","7 Mettam Street",TRIGG,WA,6029,01/08/2012,
PR-00007271,,"Coastal Kids Care Incorporated","Coastal Kids Care Incorporated","PO Box 353","JURIEN BAY",WA,6516,01/08/2012,
PR-00007273,,"College Community Child Care Centre Incorporated","College Community Child Care Centre Incorporated","PO Box 1224",BUNBURY,WA,6231,01/08/2012,
PR-00007274,,"Collie Early Education Inc","Collie Early Education Inc","73 Throssell St",COLLIE,WA,6225,01/08/2012,
PR-00007278,,"Cottesloe Child Care Centre Inc.","Cottesloe Child Care Centre Inc.","330 Marmion St",COTTESLOE,WA,6011,01/08/2012,
PR-00007281,,"Cuddles Childcare Centre - Carlisle Pty Ltd","Cuddles Childcare Centre - Carlisle Pty Ltd","PO BOX 3082","CARLISLE SOUTH",WA,6101,01/08/2012,
PR-00007282,,"Cuddles Childcare Centre Bertram Pty Ltd","Cuddles Childcare Centre Bertram Pty Ltd","PO BOX 3082","CARLISLE SOUTH",WA,6101,01/08/2012,
PR-00007284,,"Curtin University","Curtin University Early Childhood Centre","GPO BOX U1987",PERTH,WA,6845,01/08/2012,
PR-00007287,,"Dalwallinu Clubhouse Early Learning Centre Inc.","Dalwallinu Clubhouse Early Learning Centre Inc.","PO Box 161",DALWALLINU,WA,6609,01/08/2012,
PR-00007288,,"DAP Nominees Pty Ltd ATF Liberte Discretionary Trust","DAP Nominees Pty Ltd","PO Box 1126","BENTLEY DC",WA,6983,01/08/2012,
PR-00007290,,"Debian (2006) Pty Ltd ATF The Debian Trust","Glen Iris Child Care","273 Berrigan Dr",JANDAKOT,WA,6164,01/08/2012,
PR-00007291,,"Denmark Occasional Day Care Centre Inc.","Denmark Occasional Day Care Centre Inc.","81 South Coast Highway",DENMARK,WA,6333,01/08/2012,
PR-00007292,,"DJ Star Investments Pty Ltd","DJ Star Investments Pty Ltd","2 Hamilton Street","OSBORNE PARK",WA,6017,01/08/2012,
PR-00007296,,"Duncraig Early Learning Centre Inc.","Duncraig Early Learning Centre Inc.","43 Beddi Road",DUNCRAIG,WA,6023,01/08/2012,
PR-00007298,,"Play & Learn WA Pty Ltd","Play & Learn WA Pty Ltd","PO Box 2070",ROSSMOYNE,WA,6148,01/08/2012,
PR-00007300,,"Edgewater Out of School Care Centre Inc","Edgewater Out of School Care Centre Inc","PO BOX 44",WOODVALE,WA,6026,01/08/2012,
PR-00007302,,"Endeavour Child Care Centre Inc","Endeavour Child Care Centre Inc","P O Box 118",HILLARYS,WA,6923,01/08/2012,
PR-00007304,,"Escare Incorporated","Escare Incorporated","PO Box 850",ESPERANCE,WA,6450,01/08/2012,
PR-00007306,,"Ettedo Pty Ltd","Ettedo Pty Ltd","PO Box 561",DENMARK,WA,6333,01/08/2012,
PR-00007311,,"Forest Lakes/Thornlie Family Centre Inc.","Forest Lakes/Thornlie Family Centre Inc.","Lot 252 Towncentre Drive",THORNLIE,WA,6108,01/08/2012,
PR-00007313,,"Forrestdale Community Kindergarten Incorporated","Forrestdale Community Kindergarten Incorporated","5 Weld Street",FORRESTDALE,WA,6112,01/08/2012,
PR-40037280,,"LITTLE CUCUMBERS PTY LTD",,"5 Challenger Pl",MELVILLE,WA,6156,11/03/2024,
PR-40037511,,"Ashleigh Remigio",,"U 13  130 Keightley Rd W","SHENTON PARK",WA,6008,03/05/2024,
PR-40037562,,"AURA ACADEMY PTY LTD","Aura Academy","65 Marshall Way",SAMSON,WA,6163,20/06/2024,
PR-40037567,,"Huali Feng",,"6A Durham Way, Westminster,",WESTMINSTER,WA,6061,31/05/2024,
PR-40037615,,"STARLIGHT GEMS ELC PTY LTD","STARLIGHT GEMS ELC PTY LTD","U 12  1 Simper Street",WEMBLEY,WA,6014,21/03/2024,
PR-40037631,,"Albergo Pollo Pty Ltd ATF the Fortis Anima Trust & the Dam Trust","NORTHAM EARLY LEARNING CENTRE","17 Robinson St",NORTHAM,WA,6401,13/09/2024,
PR-40037647,,"RANDALL ENTERPRISES PTY LTD","Little Owls Child Care Centre","34 Santa Cruz Pkwy","SECRET HARBOUR",WA,6173,03/05/2024,
PR-40037659,,"Jemila Raphael",,"12 Jersey St",NARROGIN,WA,6312,19/07/2024,
PR-40037738,,"PATHWAYS EARLY LEARNING PTY LTD",,"12 BATHS WAY","BURNS BEACH",WA,6028,19/07/2024,
PR-40037854,,"Jaliz Morley Pty Ltd ATF CCG Morley Trust",,"115 Robert St","HENLEY BROOK",WA,6055,20/05/2024,
PR-40013875,,"Early Childhood School Pty Ltd",,"797 Canning Hwy",APPLECROSS,WA,6153,30/01/2018,
PR-40014143,,"Milbank Nominees Pty Ltd ATF Johnston T & B Family Trust","Broome Daycare Centre","PO BOX 731",BROOME,WA,6725,07/02/2018,
PR-40014155,,"THE V & W PTY LTD","Beckenham Early Learning","205 PADBURY AV",MILLENDON,WA,6056,20/02/2018,
PR-40014156,,"WA Bright Kids Family Day Care Scheme Pty Ltd","WA BRIGHT KIDS FDC","SHOP 11 885 ALBANY HWY","EAST VICTORIA PARK",WA,6101,22/02/2018,
PR-40014165,,"Trinity Early Learning School Pty Ltd","Trinity Early Learning School","PO Box 413","QUINNS ROCKS",WA,6030,13/02/2018,
PR-40014389,,"Kipos Pty Ltd atf Kipos Unit Trust","Kipos Pty Ltd atf Kipos Unit Trust","PO Box 145",Nedlands,WA,6009,20/04/2018,
PR-40014390,,"SQUISHY FISH PTY LTD",,"4 Russelia St","CANNING VALE",WA,6155,27/02/2018,
PR-40014428,,"Simcorp Enterprises PTY LTD","Kids On Carrington Childcare","50 Marcus Avenue",BOORAGOON,WA,6154,02/03/2018,
PR-40014657,,"Kosy (WA) Pty Ltd",,"101 Harrison Street",NOLLAMARA,WA,6061,14/03/2018,
PR-40001293,,"City West Kidz Pty Ltd",,"City West Centre City West, Se 000  102 Railway St","WEST PERTH",WA,6005,02/12/2013,
PR-40030072,,"TRICERATOPS WA PTY LTD",,"C/O UTOPIA CA PTY LTD, Suite B13,  431 Roberts Road, SUBIACO WA 6008",SUBIACO,WA,6008,24/08/2022,
PR-40030220,,"MA EDUCATION GROUP PTY LTD",,"U 19  116 Mounts Bay Rd",PERTH,WA,6000,24/08/2022,
PR-40030229,,"Budding Sproutz Pty Ltd","Budding Sproutz Miniversity","213 Labouchere Road",COMO,WA,6152,30/08/2022,
PR-40030709,,"AVANTI EDUCATION PTY LTD","Avanti Education","35 Fleming Ave",WILSON,WA,6107,21/11/2022,
PR-40028188,,"H&H GLOBAL VENTURE PTY LTD",,"295 Alexander Dr",DIANELLA,WA,6059,24/02/2022,"From 25 July 2022, the approved provider must not appoint or allow a person to act or continue to act as an officer of the corporation within the meaning of the Corporations Act (Cth) unless it has first obtained the Regulatory Authority’s written consent.   "
PR-40028317,,"EUROLYNX PTY LTD",,"192 Barfield Road","HAMMOND PARK",WA,6164,22/02/2022,
PR-40028339,,"NOVUS FAMILIA PTY LTD",,"1 Britannia Place","SOUTH KALGOORLIE",WA,6430,15/02/2022,
PR-40028420,,"ECEC SERVICES PTY LTD",,"U 13  40 St Quentin Ave",CLAREMONT,WA,6010,14/03/2022,
PR-40028477,,"MEGALOSAURUS PTY LTD",,"Suite 13b / 431 Roberts Rd",SUBIACO,WA,6008,22/02/2022,
PR-40028834,,"Sarah Penn",,"10 Grant Street",BULGARRA,WA,6714,26/08/2022,
PR-40028839,,"F & M CHILDCARE PTY LTD",N/A,"49 Woodville St","NORTH PERTH",WA,6006,30/03/2022,
PR-40029023,,"TREASURED MOMENTS CHILDCARE PTY LTD",,"13 Bulwark Ave",ALKIMOS,WA,6038,15/07/2022,
PR-40029083,,"Bilingual Me Early Learning Pty Ltd","Bilingual Me Early Learning","46 NORTH LAKE RD",MYAREE,WA,6154,29/06/2022,
PR-00009694,,"Cuddles Childcare Swan View Pty Ltd","Cuddles Early Learning & Childcare Swan View","PO BOX 390",BYFORD,WA,6122,30/08/2024,
PR-00009707,,"ZEPNICK-NUNN PTY LTD","Little Pearlers Early Learning Centre","PO BOX 1292",BROOME,WA,6725,23/10/2024,
PR-00009712,,"VICTORY LIFE BROOME INCORPORATED","Pindan Kids Child Care","PO BOX 870",BROOME,WA,6725,11/10/2024,
PR-00009730,,"LITTLE TREEHOUSE CHILD CARE CENTRE PTY LTD","Little Treehouse Child Care Centre","821 FRENCHMAN BAY RD","BIG GROVE",WA,6330,09/10/2024,
PR-00009736,,"Mirai Holdings WA Pty Ltd atf The Mirai Family Trust","Mirai Holdings WA","63 NORTH LAKE RD",MYAREE,WA,6154,03/10/2024,
PR-00009750,,"JELLY TOTS EARLY LEARNING CENTRES PTY LTD","Jelly Tots Early Learning Centres","15 OGILVIE RD","MOUNT PLEASANT",WA,6153,18/09/2024,
PR-00009764,,"Sarah Maree Jones",,"5 HEARSON AV",EGLINTON,WA,6034,27/09/2024,
PR-00009817,,"STEP BY STEP EARLY LEARNING PTY LTD","STEP BY STEP EARLY LEARNING PTY LTD","SHOP 2 75 HONEYWELL BVD",MIRRABOOKA,WA,6061,26/09/2024,
PR-40005040,,"Shire of Ravensthorpe","Shire of Ravensthorpe","PO Box 43",RAVENSTHORPE,WA,6346,25/08/2015,
PR-40005163,,"Helen Kathrine Randall",,"34 Santa Cruz Pkwy","SECRET HARBOUR",WA,6173,03/09/2015,
PR-40005414,,"Montessori Gardens Pty Ltd ATF Montessori Gardens Unit Trust",,"4 Brookside Gardens",CAVERSHAM,WA,6055,09/09/2015,
PR-40000486,,"TBZ LEYTE HOLDINGS PTY LTD","TBZ Leyte Holdings Pty Ltd","66 Kiap Rd","SOUTH YUNDERUP",WA,6208,15/03/2013,
PR-40000679,,"Lifestreams Christian Church Inc.","Lifestreams Christian Church","PO Box 1075","BENTLEY DC",WA,6983,23/04/2013,
PR-40000687,,"Children Heaven Family Day Care Pty Ltd","Children Heaven Family Day Care","U 1 / 795 Beaufort St","MOUNT LAWLEY",WA,6050,13/05/2013,
PR-40012380,,"Vanessa Leigh Whittington","Kiddo's OSHC & Vacation Care","17 Rosewood Hts",ELLENBROOK,WA,6069,21/09/2017,
PR-40012396,,"PRIME TRAINING COLLEGE PTY LTD","New Directions FDC","UNIT 5 795 BEAUFORT ST","MOUNT LAWLEY",WA,6050,21/11/2017,
PR-40012622,,"Early Years WA PTYLTD",,"89 Waterperry Dr","CANNING VALE",WA,6155,12/10/2017,
PR-40012711,,"Cuddles Childcare Centre South Lake Pty Ltd",,"PO Box 3082","CARLISLE SOUTH",WA,6101,06/10/2017,
PR-40035529,,"EXCELL ACADEMY (WA) PTY LTD",,"72 Lucerne Circuit","CHAMPION LAKES",WA,6111,16/11/2023,
PR-40035608,,"Kindra Early Learning Pty Ltd","Kindra Early Learning","11 Seville Way","AUBIN GROVE",WA,6164,24/11/2023,
PR-40035802,,"Liying Wei","Little Light Preschool","7 Judge Ave",CLAREMONT,WA,6010,22/12/2023,
PR-40035811,,"SALTWATER VENTURES PTY LTD",,"23 Elderslie Way",DUNCRAIG,WA,6023,22/12/2023,
PR-40035935,,"ABOUT CHILD CARE CONSULTING PTY LTD","A1 Fun North Pinjarra","Stirling Partners, PO Box 777",CLAREMONT,WA,6910,29/02/2024,
PR-40036006,,"Learning Lovers Pty Ltd ATF S and M Bianchini Family Trust","Daisy's Early Learning and Care","118 Tenth Ave",INGLEWOOD,WA,6052,26/02/2024,
PR-40036096,,"KODOMO CARE PTY LTD","Kodomo Care","PO Box 465 Capel",CAPEL,WA,6271,22/01/2024,
PR-40036192,,"RNN ENTERPRISES PTY LTD ATF RNN FAMILY TRUST",,"29 Raphael Rise",LANDSDALE,WA,6065,03/01/2024,
PR-40036248,,"Braemount & Longford Holdings Pty Ltd ATF the HMB Family Trust",,"5 Braemount Rd",DARCH,WA,6065,07/03/2024,
PR-40036304,,"Kaya Horizons Pty Ltd","Kaya Horizons Pty Ltd","15 MALONE LOOP","MEADOW SPRINGS",WA,6210,06/03/2024,
PR-40036326,,"Littletree Holdings PTY LTD","Little Grots Farm Kindy","82 Welwyn Ave","SALTER POINT",WA,6152,25/03/2024,
PR-40026650,,"Treasured Tots Early Education Piara Waters Pty Ltd","Treasured Tots Early Education","PO BOX 1691","MELVILLE SOUTH",WA,6156,29/07/2021,
PR-40026966,,"MATTEKAH PTY LTD",,"10 Fairview Pl",DIANELLA,WA,6059,05/10/2021,
PR-40027059,,"Trex Pty Ltd","Trex Pty Ltd","C/O UTOPIA CA PTY LTD, Suite B13, 431 Roberts Road",SUBIACO,WA,6008,13/10/2021,
PR-40027292,,"SNS Childcare Pty Ltd","SNS Early Learning","GPO Box 2511","PERTH ST GEORGES TCE",WA,6831,17/02/2022,
PR-40027345,,"Matese Pty Ltd","Turtle Cove Early Learning Centre Central","44 GERTRUDE ST",GERALDTON,WA,6530,14/02/2022,
PR-40027423,,"MURRAY FORREST FRIENDS PTY LTD","Murray Forrest Friends","58 Paceway court",PINJARRA,WA,6208,19/01/2022,
PR-40011786,,"METHODIST LADIES' COLLEGE",,"Methodist Ladies College, 356 Stirling Hwy",CLAREMONT,WA,6010,20/07/2017,
PR-40012019,,"BAYMEADOW PTY LTD ATF The Currumbine Early Learning Centre Unit Trust",,"51 Walter Rd W",DIANELLA,WA,6059,26/07/2017,
PR-40012050,,"Albany OSHC Pty Ltd as trustee for Levingston Family Trust","Albany OSHC","14 Kendell Ct",WARRENUP,WA,6330,30/08/2017,
PR-40012094,,"Amity Early Learning Pty Ltd","Amity Early Learning Pty Ltd","187 Anchorage Dr",MINDARIE,WA,6030,04/08/2017,
PR-40019839,,"3 LITTLE KIDS PTY LTD","3 Little Kids","9 Dealey Elb",HARRISDALE,WA,6112,11/07/2019,
PR-40019895,,"KINGFISHER HOLDINGS WA PTY LTD",,"68 Gilbertson Rd",KARDINYA,WA,6163,24/06/2019,
PR-40019954,,"LEX EDUCATION PTY LTD","LEX EDUCATION","PO Box 1225","OSBORNE PARK",WA,6916,28/06/2019,
PR-40020046,,"CONNECT LEARNING AFTER SCHOOL PTY LTD","Connect Learning After School","14 Gwilliam Dr","BIBRA LAKE",WA,6163,06/08/2019,
PR-40020151,,"Tildamo Pty Ltd",,"8 Smith St","MOSMAN PARK",WA,6012,18/06/2019,
PR-40020555,,"Panda Early Learning Centre Pty Ltd",,"1 Cushing Rd",ALKIMOS,WA,6038,03/09/2019,
PR-40020572,,"RADIAM EARLY LEARNING PTY LTD",,"UNIT 14 127 HERDSMAN PDE",WEMBLEY,WA,6014,17/09/2019,
PR-40023689,,"GosnellsCC Pty Ltd ATF The Trustee for Gosnells CC Unit Trust","Sonas Early Learning & Care Gosnells","69 Poincaire St",BALCATTA,WA,6021,11/09/2020,
PR-40023848,,"Navin Bhandari ATF Baba Education Trust","Freo Kindy","15 Massicot Road",TREEBY,WA,6164,06/11/2020,
PR-00010589,,"LITTLE PILLARS PTY LTD",,"8 HILL CT",THORNLIE,WA,6108,08/08/2025,"From the date of approval, the approved provider must not appoint or allow a person to act or continue to act as an officer of the corporation within the meaning of the Corporations Act (Cth) unless it has first obtained the Regulatory Authority's written consent."
PR-00010595,,"WRIGHT HORIZONS CHILDCARE PTY LTD","WRIGHT HORIZONS CHILDCARE PTY LTD","2 ORIEL CT","COLLEGE GROVE",WA,6230,14/05/2025,
PR-00010599,,"J & J SERVICE GROUP PTY LTD",,"19 PHOENIX ST",DIANELLA,WA,6059,08/07/2025,
PR-00010611,,"KISIMA PTY LTD","MILLARS WELL OUTSIDE SCHOOL HOURS CARE","13 NYAMINA RD",BAYNTON,WA,6714,25/06/2025,
PR-00010616,,"FAMILY FIRST EARLY LEARNING CENTRE PTY LTD","Family First Early Learning Centre","6 SIRROCCO DR",ERSKINE,WA,6210,08/05/2025,
PR-00010648,,"SOPHEM PTY LTD",,"40 FREEDMAN WAY",WINTHROP,WA,6150,27/05/2025,
PR-00010656,,"KOALA CARE AUSTRALIA PTY LTD","Ashdale OSHC","Unit 2, 18 Niche Parade",WANGARA,WA,6065,29/05/2025,
PR-00010737,,"INTELLIBRAINS PTY LTD","MindChamps Early Learning @ Samson","6 RIGA CR",WILLETTON,WA,6155,29/05/2025,
PR-00010762,,"Alypex PTY LTD ATF G S Chana Family Trust","Alypex PTY LTD ATF G S Chana Family Trust","68 KALYANG LOOP",BYFORD,WA,6122,11/07/2025,
PR-00010768,,"THE LITTLE COLLEGE PTY LTD","The Little College","4 COOMA ST",WANNEROO,WA,6065,29/05/2025,
PR-00010787,,"Kinder Blossoms Pty Ltd",,"40 ROCKLEA CR",ELLENBROOK,WA,6069,11/08/2025,
PR-00010822,,"CHD CHILD CARE PTY LTD","CHD CHILD CARE PTY LTD","15 ROMA VSTA",ELLENBROOK,WA,6069,11/07/2025,
PR-40008553,,"RCC Holdings (WA) Pty Ltd ATF the RCC Trust",,"54 Constellation Dr","OCEAN REEF",WA,6027,23/08/2016,
PR-40008828,,"True North Childcare (Inc)",,"19 Scaphella Ave",MULLALOO,WA,6027,30/09/2016,
PR-40009178,,"SWEDISH BILINGUAL CHILD CARE CENTRE PTY LTD","SWEDISH BILINGUAL CHILD CARE CENTRE","6 Alata Pl",DUNCRAIG,WA,6023,08/11/2016,
PR-40001871,,"Claremont Bright Beginnings Inc","Claremont Bright Beginnings Inc","PO Box 214",CLAREMONT,WA,6910,03/06/2014,
PR-40002091,,"Penelope May Hudson","Inglewood Academy","19a Sexton Road",INGLEWOOD,WA,6052,23/07/2014,
PR-40002215,,"Splendida Corporation Pty Ltd ATF 3 Babies Family Trust","Butterflies Play Centre","PO Box 391",COWARAMUP,WA,6284,14/08/2014,
PR-00007535,,"Penleaze Pty Ltd ATF The Fishleigh Family Trust","Smart Start","24 Ridge St","WEMBLEY DOWNS",WA,6019,01/08/2012,
PR-00007537,,"Perth College Incorporated","Perth College Incorporated","PO BOX 25","MOUNT LAWLEY",WA,6929,01/08/2012,
PR-00007538,,"Perth Hebrew Congregation Inc.","Perth Hebrew Congregation Inc.","28 Freedman Rd",MENORA,WA,6050,01/08/2012,
PR-00007540,,"Play2Learn Kindy Pty Ltd","Play2Learn Kindy Pty Ltd","7 Darley Circle",BULLCREEK,WA,6149,01/08/2012,
PR-00007542,,"Pocketmoney Holdings Pty Ltd","Pocketmoney Holdings Pty Ltd","29 Heyerdahl Way","DUDLEY PARK",WA,6210,01/08/2012,
PR-00007546,,"Quinns Rocks Three Year Old Programme Inc","Quinns Rocks Three Year Old Programme Inc","PO Box 2174",CLARKSON,WA,6030,01/08/2012,
PR-00007547,,"Raema Pty Ltd ATF The McQue Family Trust","RAEMA Pty Ltd","21 Keehner Ent",MARTIN,WA,6110,01/08/2012,
PR-00007548,,"Rainbow Child Care Centre Inc","Rainbow Child Care Centre Inc","15 Anson Road",ALBANY,WA,6330,01/08/2012,
PR-00007552,,"Regent College Incorporated","Regent College Incorporated","22 Colombo Street","VICTORIA PARK",WA,6100,01/08/2012,
PR-00007553,,"Ren & J Care Pty Ltd","Ren & J Care Pty Ltd","2 Boxall Place",CHURCHLANDS,WA,6018,01/08/2012,
PR-00007554,,"The Trustee for The P Everett Trust","Warooga Child Care Centre and Warooga Child Care Centre Southern River","88 Simper Street",WEMBLEY,WA,6014,01/08/2012,
PR-00007555,,"Riverlinks Child Care & Community Centre Inc","Riverlinks Child Care & Community Centre Inc","P O Box A136",AUSTRALIND,WA,6233,01/08/2012,
PR-00007556,,"Robbay Pty Ltd","Robbay Pty Ltd","1 Gannon Glen",MUNDARING,WA,6073,01/08/2012,
PR-00007557,,"Rockingham Early Learning And Child Care Centre Inc (RELACCC)","Rockingham Early Learning And Child Care Centre Inc","PO Box 1001, Rockingham City",ROCKINGHAM,WA,6168,01/08/2012,
PR-00007558,,"Rocky Ridge Geraldton Pty Ltd ATF The Burton Family Trust","Rocky Ridge Geraldton Pty Ltd ATF The Burton Family Trust","7 Atlantic Brace",WANDINA,WA,6530,01/08/2012,
PR-00007559,,"Rose Nowers Early Learning Centre Inc","Rose Nowers Early Learning Centre Inc","PO Box 2055","SOUTH HEDLAND",WA,6722,01/08/2012,
PR-00007561,,"Rossi Child Care Centres Pty Ltd","Rossi Child Care Centres Pty Ltd","68 BROUN AV",EMBLETON,WA,6062,01/08/2012,
PR-00007562,,"S & A Chemello Pty Ltd","S & A Chemello Pty Ltd","UNIT 2 18 NICHE PDE",WANGARA,WA,6065,01/08/2012,
PR-00007563,,"S Pollard And Associates PTY LTD ATF The Pollard Consulting Trust","S Pollard and Associates Pty Ltd","PO BOX 1094","WANGARA DC",WA,6947,01/08/2012,
PR-00007564,,"The Salvation Army (Western Australia) Property Trust","The Salvation Army (Western Australia) Property Trust","PO Box 2607",WARWICK,WA,6024,01/08/2012,
PR-00007571,,"Shire of Augusta- Margaret River","Shire of Augusta- Margaret River","PO Box 61","MARGARET RIVER",WA,6285,01/08/2012,
PR-00007573,,"City of Busselton","City of Busselton","Locked Bag 1",BUSSELTON,WA,6280,01/08/2012,
PR-00007575,,"Shire of Dardanup","Shire of Dardanup","PO Box 7016",EATON,WA,6232,01/08/2012,
PR-00007576,,"Shire of Harvey","Shire of Harvey","PO Box 500",HARVEY,WA,6220,01/08/2012,
PR-00007577,,"Shire of Kulin","Shire of Kulin","PO Box 124",KULIN,WA,6365,01/08/2012,
PR-00007578,,"Shire of Leonora","Shire of Leonora","PO Box 56",LEONORA,WA,6438,01/08/2012,
PR-00007580,,"Shire of Moora","Shire of Moora","P O Box 211",MOORA,WA,6510,01/08/2012,
PR-00007581,,"Shire of Mundaring","Shire of Mundaring","PO Box 1010",MIDLAND,WA,6936,01/08/2012,
PR-00007585,,"Shire of Williams","Shire of Williams","PO BOX 96",WILLIAMS,WA,6391,14/07/2012,
PR-00007586,,"Shire of Wyndham East Kimberley","Shire of Wyndham East Kimberley","PO BOX 614",KUNUNURRA,WA,6743,01/08/2012,
PR-00007587,,"Showclass Pty Ltd ATF Godwin Family Trust","Showclass Pty Ltd ATF Godwin Family Trust","2 MILSON PL",O'CONNOR,WA,6163,01/08/2012,
PR-00007590,,"Simaar Holdings Pty Ltd","Simaar Holdings Pty Ltd","67 David Street",ALBANY,WA,6330,01/08/2012,
PR-00007591,,"Skoolz Out Pty Ltd ATF R & N Family Trust","Skoolz Out","2 Ripplevale Cir",CARRAMAR,WA,6031,01/08/2012,
PR-00007592,,"Skymaker Holdings Pty Ltd","Skymaker Holdings Pty Ltd","50A VICTORIA AV",CLAREMONT,WA,6010,01/08/2012,
PR-00007593,,"South Lake Child Care Centre Inc.","South Lake Child Care Centre Inc.","South Lakes Child Care Centre, 2 South Lake Dr","SOUTH LAKE",WA,6164,01/08/2012,
PR-00007594,,"SRR Walker Holdings Pty Ltd","SRR Walker Holdings Pty Ltd","265 Berwick Street","EAST VICTORIA PARK",WA,6101,01/08/2012,
PR-00007596,,"St Mary's Anglican Girls' School Inc","St Mary's Anglican Girls' School Inc","PO Box 105",KARRINYUP,WA,6921,01/08/2012,
PR-00007598,,"Stratton Out of School Care Service Inc","Stratton Out of School Care Service Inc","PO Box 1730",MIDLAND,WA,6056,01/08/2012,
PR-00007599,,"Subiaco Out of School Centre Inc","Subiaco Out of School Centre Inc","160 Hamersley Road",SUBIACO,WA,6008,01/08/2012,
PR-00007600,,"Subicare Child Care Centre Inc.","Subicare Child Care Centre Inc.","295 Bagot Road",SUBIACO,WA,6008,01/08/2012,
PR-00007601,,"Sudbury Community House Assn Inc","Sudbury Community House Assn Inc","30 Chesterfield Rd",MIRRABOOKA,WA,6061,01/08/2012,
PR-00007602,,"Sunline Corporation Pty Ltd","Sunline Corporation Pty Ltd","5 Millard Street",EATON,WA,6232,01/08/2012,
PR-00007603,,"Sunnie Holdings Pty Ltd","Sunnie Holdings Pty Ltd","30 Messina Ave",STIRLING,WA,6021,01/08/2012,
PR-00007610,,"The Anglican Schools Commission Incorporated","The Anglican Schools Commission Incorporated","PO Box 41",MIRRABOOKA,WA,6941,01/08/2012,
PR-00007614,,"The Childrens Hospital Child Care Centre Association Inc","The Childrens Hospital Child Care Centre Association Inc","Perth Childrens Hospital, 15 Hospital Ave",NEDLANDS,WA,6009,01/08/2012,
PR-00007615,,"The Early Years Company Pty Ltd ATF The Early Years Trust","The Early Years Company Pty Ltd ATF The Early Years Trust","PO Box 214",CLAREMONT,WA,6910,01/08/2012,
PR-00007616,,"The Evelyn Enrichment Foundation Ltd","The Evelyn Enrichment Foundation Ltd","118 Stonehaven Parade",KINROSS,WA,6028,01/08/2012,
PR-00007617,,"Western Australian Police and Community Youth Centres Incorporated","Western Australian Police and Community Youth Centres Incorporated","WA PCYC Head Office, Home Base Wembley, 55 Salvado Road",SUBIACO,WA,6008,01/08/2012,
PR-00007619,,"The Gowrie WA Inc","The Gowrie WA Inc","61 Lowan Loop",KARAWARRA,WA,6152,01/08/2012,
PR-00007620,,"The Kalgoorlie Creche Incorporated","The Kalgoorlie Creche Incorporated","PO Box 1023",KALGOORLIE,WA,6430,01/08/2012,
PR-00007622,,"The Murdoch University Child Care Association Incorporated","The Murdoch University Child Care Association Incorporated","Murdoch University Child Care Centre, Murdoch University South Street Campus",MURDOCH,WA,6150,01/08/2012,
PR-00007623,,"The Nintirri Centre Incorporated","The Nintirri Centre Incorporated","PO Box 76","TOM PRICE",WA,6751,01/08/2012,
PR-00007624,,"The Riverdale Child Care and Community Association Inc","The Riverdale Child Care And Community Association Inc","57 River Road",KELMSCOTT,WA,6111,01/08/2012,
PR-00007627,,"The University Of Western Australia","The University Of Western Australia","35 Stirling Highway",CRAWLEY,WA,6009,01/08/2012,
PR-00007628,,"The Yangebup Family Centre Inc","The Yangebup Family Centre Inc","PO Box 3039",SUCCESS,WA,6964,01/08/2012,
PR-00007629,,"The Young Mens Christian Association of Western Australia Incorporated","YMCA WA","PO Box 2155","CARLISLE NORTH",WA,6101,01/08/2012,
PR-00007630,,"Three Springs Childcare Inc","Three Springs Childcare Inc","PO Box 248","THREE SPRINGS",WA,6519,10/08/2012,
PR-00007631,,"Tiddlywinks Pty Ltd","Tiddlywinks Pty Ltd","4 Read Avenue","MOSMAN PARK",WA,6012,01/08/2012,
PR-00007632,,"Tiny Tots Child Care Centre Pty Ltd","Tiny Tots Child Care Centre Pty Ltd","P O Box 5320",ROCKINGHAM,WA,6168,01/08/2012,
PR-00007634,,"Town of Bassendean","Town of Bassendean","PO Box 87",BASSENDEAN,WA,6934,01/08/2012,
PR-00007635,,"City of Kwinana","City of Kwinana","PO Box 21",KWINANA,WA,6966,01/08/2012,
PR-00007638,,"Tranby College","Tranby College","Tranby College, 90 Arpenteur Dr",BALDIVIS,WA,6171,01/08/2012,
PR-00007639,,"Treasure Island Child Care Centre Inc","Treasure Island Child Care Centre Inc","30 Cecil Ave",CANNINGTON,WA,6107,01/08/2012,
PR-00007640,,"Treehouse Childcare Centre Inc.","Treehouse Childcare Centre Inc.","2 Steere Street",DONNYBROOK,WA,6239,01/08/2012,
PR-00007641,,"Treloar Child Care Centre Incorporated","Treloar Child Care Centre Incorporated","PO Box 2626","SOUTH HEDLAND",WA,6722,01/08/2012,
PR-00007645,,"Valentine Jude Pty Ltd","Valentine Jude Pty Ltd","11 Lilac Place",HUNTINGDALE,WA,6110,01/08/2012,
PR-00007647,,"Vassallo Corporation Pty Ltd","Vassallo Corporation Pty Ltd","PO Box 7172","APPLECROSS NORTH",WA,6153,01/08/2012,
PR-00007648,,"View Developments Pty Ltd ATF Greenhills Trust","View Developments Pty Ltd ATF Greenhills Trust","P.O. Box 1094","WANGARA DC",WA,6947,01/08/2012,
PR-00007651,,"W.K.O Pty Ltd","W.K.O Pty Ltd","30 Redgum Way",MORLEY,WA,6062,01/08/2012,
PR-00007652,,"Walpole Family Centre Inc.","Walpole Family Centre Inc.","P O Box 175",WALPOLE,WA,6398,01/08/2012,
PR-00007655,,"WCC Holdings Pty Ltd ATF WCC Trust","WCC Holdings Pty Ltd ATF WCC Trust","54 Constellation Drive","OCEAN REEF",WA,6027,01/08/2012,
PR-00007656,,"Wesbrel Pty Ltd Trustee For The Steele Family Trust","Play's Kool Floreat","PO Box 1804",MANDURAH,WA,6210,01/08/2012,
PR-00007660,,"Western Australian Child Care Managers Pty Ltd","Western Australian Child Care Managers Pty Ltd","PO Box 828",COTTESLOE,WA,6911,01/08/2012,
PR-00007662,,"Whitford Family Centre Inc","Whitford Family Centre Inc","21C ENDEAVOUR RD",HILLARYS,WA,6025,01/08/2012,
PR-00007666,,"Willetton Child Care Association Inc.","Willetton Child Care Association Inc.","PO Box 310",WILLETTON,WA,6155,01/08/2012,
PR-00007667,,"Wirrabirra Child Care Centre Inc","Wirrabirra Child Care Centre Inc","59 Corfield Street",GOSNELLS,WA,6110,01/08/2012,
PR-00007668,,"Wonderland Learning Centres Pty Ltd","Wonderland Learning Centres Pty Ltd","65 Eddystone Avenue",CRAIGIE,WA,6025,01/08/2012,
PR-00007669,,"Wongan Cubbyhouse Inc.","Wongan Cubbyhouse Inc.","PO Box 121","WONGAN HILLS",WA,6603,01/08/2012,
PR-00007671,,"Woodlupine Family Centre Inc.","Woodlupine Family Centre Inc.","88 Hale Rd, FORRESTFIELD 6058 WA, 88 Hale Rd",FORRESTFIELD,WA,6058,01/08/2012,
PR-00007672,,"World of Kids Pty Ltd","World of Kids Pty Ltd","152 WANJEEP ST","DUDLEY PARK",WA,6210,01/08/2012,
PR-40016039,,"CUDDLES CHILDCARE CENTRE TWO ROCKS PTY LTD","CUDDLES CHILDCARE CENTRE TWO ROCKS","PO Box 3082","CARLISLE SOUTH",WA,6101,12/07/2018,
PR-40016117,,"GILMI ENTERPRISES PTY LTD","Nature's Atelier","85 Matlock St","MOUNT HAWTHORN",WA,6016,04/07/2018,
PR-40016135,,"Little Carol's World Pty Ltd ATF  HUANG TRUST","Mundaring Child Care Centre","5 Wyee Pl","GOOSEBERRY HILL",WA,6076,11/06/2018,
PR-40016156,,"Smiling Enterprises Pty Ltd",,"PO Box 42","MOSMAN PARK",WA,6912,25/07/2018,
PR-40016246,,"Kavitha Maddipati",,"22b Smith St",DIANELLA,WA,6059,26/07/2018,
PR-40016319,,"K E OLDFIELD & B J VALLENCE","Micro Managers Family Day Care Services","1A/73 Gibson Avenue",PADBURY,WA,6025,20/08/2018,
PR-40016331,,"LIL MIKI'S BEFORE AND AFTER SCHOOL CARE PTY LTD","Lil Miki's before and after school care","PO Box 126",FORRESTFIELD,WA,6058,08/08/2018,
PR-40016367,,"NURTURE CHILDCARE AND EDUCATION SERVICES PTY LTD","NURTURE CHILDCARE AND EDUCATION SERVICES","U 1  39 Coolgardie St","ST JAMES",WA,6102,17/08/2018,
PR-40016529,,"SIRAC PTY LTD",,"12 Libra Way",AUSTRALIND,WA,6233,13/09/2018,
PR-40016899,,"T & L AUSTRALIA PTY LTD ATF T & L FAMILY TRUST","DARWIN MONTESSORI EARLY LEARNING CENTRE","157 Willmott Dr",WAIKIKI,WA,6169,13/08/2018,
PR-40016908,,"LA ANCHOR PTY LTD",,"40 Ruby Ave",LANGFORD,WA,6147,03/10/2018,"The Approved Provider must ensure that there are no new enrolments of any children after 8 July 2025 at any approved education and care services that they operate. The Approved Provider must ensure that all approved services that they operate are staffed with one additional educator than what is required by the Education and Care Services National Regulations from 8 July 2025."
PR-00003092,,"The Anglican Schools Commission Inc",,"PO Box 2520","MOUNT CLAREMONT",WA,6010,29/12/2011,
PR-40031695,,"HAIKU EARLY LEARNING PTY LTD","Haiku Early Learning","7 RAPHAEL RISE",LANDSDALE,WA,6065,16/02/2023,
PR-40031909,,"Moombaki Institutes PTYLTD","Moombaki Early Learning","13 KUDOS CCT",HARRISDALE,WA,6112,17/05/2023,
PR-40032049,,"DHIVYA NELTHROPP",,"7 Badham Way",ELLENBROOK,WA,6069,13/07/2023,
PR-40032349,,"FAMILY TREE CHILD DEVELOPMENT CENTRE HOLDINGS PTY LTD","Family Tree Child Development Centre Ardross","11 Nornalup Close","AUBIN GROVE",WA,6164,11/05/2023,
PR-40032413,,"BILINGUAL BY FIVE SOUTH PTY LTD","Bilingual By Five CBD","Unit 10 Level 2, 166 Brighton Rd",SCARBOROUGH,WA,6019,23/05/2023,
PR-40032445,,"Infant Investor Pty Ltd ATF BBBP Unit Trust","Sonas Early Learning & Care Spearwood","69 Poincaire St",BALCATTA,WA,6021,16/05/2023,
