"Provider Approval Number","Service Approval Number","Legal Name","Trading Name",Address,Suburb,State,Postcode,"Date Approval Granted",Conditions
PR-00006174,,"Kidz Club Child Care Centre Pty Ltd","Kidz Club Child Care Centre Pty Ltd","2 Glenere Drive",MODBURY,SA,5092,01/01/2012,
PR-00006176,,"Kilkenny Primary School Council Inc","Kilkenny Primary School Council Inc","1 Jane Street","WEST CROYDON",SA,5008,01/01/2012,
PR-00006177,,"Kirinari Community School Inc","Kirinari Community School Inc","18 Trimmer Terrace",UNLEY,SA,5061,01/01/2012,
PR-00006178,,"Klemzig Primary School Council Inc","Klemzig Primary School Council Inc","2 Hay Street",KLEMZIG,SA,5087,01/01/2012,
PR-00006181,,"Lady Gowrie Child Centre Inc","Lady Gowrie Child Centre Inc","39a Dew St",THEBARTON,SA,5031,01/01/2012,
PR-00006182,,"The Trustee for LJ Trevorrow and TK Biddle Family Trust","The Trustee for LJ Trevorrow and TK Biddle Family Trust","PO Box 125",MENINGIE,SA,5264,01/01/2012,
PR-00006183,,"Barbara Langford","Langford, Barbara","PO Box 4036","TRANMERE NORTH",SA,5073,01/01/2012,
PR-00006184,,"Largs Bay Primary School Council Inc","Largs Bay Primary School Council Inc","LARGS BAY PRIMARY SCHOOL, 215-219 FLETCHER RD","LARGS BAY",SA,5016,01/01/2012,
PR-00006187,,"Le Fevre Community Childrens Centre Inc","Le Fevre Community Childrens Centre Inc","Le Fevre Child Care Centre, 5 Voules St",TAPEROO,SA,5017,01/01/2012,
PR-00006188,,"Enventive Incorporated","Enventive Incorporated","PO Box 443",BURNSIDE,SA,5066,01/01/2012,
PR-00006189,,"Linden Park Primary School Council Inc","Linden Park Primary School Council Inc","18 Hay Rd","LINDEN PARK",SA,5065,01/01/2012,
PR-00006190,,"LITTLE SHINING STARS CHILD CARE CENTRE PTY LTD","Little Shining Stars Childcare Centre Pty Ltd","21 KATOOMBA RD",BEAUMONT,SA,5066,01/01/2012,
PR-00006191,,"Littlehampton Primary School Council Inc","Littlehampton Primary School Council Inc","16-30 Baker Street",LITLEHAMPTON,SA,5250,01/01/2012,
PR-00006192,,"Lobethal Primary School Council Inc","Lobethal Primary School Council Inc","1 School Road",LOBETHAL,SA,5241,01/01/2012,
PR-00006193,,"Lockleys North Primary School Council Inc","Lockleys North Primary School Council Inc","55 Malurus Avenue",LOCKLEYS,SA,5032,01/01/2012,
PR-00006194,,"Loreto Marryatville Limited","Loreto Marryatville Limited","316 Portrush Rd",MARRYATVILLE,SA,5068,01/01/2012,
PR-00006195,,"Lower Eyre Peninsula Community Childcare Services","Lower Eyre Peninsula Community Childcare Services","PO Box 1213","PORT LINCOLN",SA,5606,01/01/2012,
PR-00006196,,"Loxton District Children's Centre Inc","Loxton District Children's Centre Inc","11 Tobruk Terrace",LOXTON,SA,5333,01/01/2012,
PR-00006198,,"Loxton Lutheran School Board","Loxton Lutheran School","6 Luther Road",LOXTON,SA,5333,01/01/2012,
PR-00006199,,"Lurra Community Children's Centre Inc","Lurra Community Children's Centre Inc","85 Capulet Crescent",MODBURY,SA,5092,01/01/2012,
PR-00006201,,"Lyndoch Primary School Council Inc","Lyndoch Primary School Council Inc","PO Box 562",LYNDOCH,SA,5351,01/01/2012,
PR-00006202,,"MacKinnon Parade Children's Centre Inc","MacKinnon Parade Children's Centre Inc","148 MACKINNON PDE","NORTH ADELAIDE",SA,5006,01/01/2012,
PR-00006203,,"Madison Park School Council Inc","Madison Park School Council Inc","Madison Primary School, 19 Lincoln Ave","SALISBURY EAST",SA,5109,01/01/2012,
PR-00006204,,"Magill Campus and Community Children's Centre","Magill Campus and Community Children's Centre","14-16 Bundey Street",MAGILL,SA,5072,01/01/2012,
PR-00006205,,"Magill Primary School Council Inc","Magill Primary School Council Inc","Adelaide Street",MAGILL,SA,5072,01/01/2012,
PR-00006208,,"Manresa Society Inc","Manresa Society Inc","62 Queen Street",NORWOOD,SA,5067,01/01/2012,
PR-00006209,,"Mark Oliphant College (B-12) School Council Inc","Mark Oliphant College (B-12) School Council Inc","PO Box 196","SMITHFIELD PLAINS",SA,5114,01/01/2012,
PR-00006210,,"Marryatville Primary School Council Inc","Marryatville Primary School Council Inc","2 Dankel Avenue",KENSINGTON,SA,5068,01/01/2012,
PR-00006211,,"Mawson Lakes School Governing Council Inc","Mawson Lakes School Governing Council Inc","PO Box 6",POORAKA,SA,5095,01/01/2012,
PR-00006212,,"McKay Children's Centre Inc","McKay Children's Centre Inc","7 Scott Street",PENOLA,SA,5277,01/01/2012,
PR-00006213,,"Meadows Primary School Council Inc","Meadows Primary School Council Inc","Mawson Road",MEADOWS,SA,5201,01/01/2012,
PR-00006215,,"Midway Road Community House Inc","Midway Road Community House Inc","48 Midway Rd","ELIZABETH EAST",SA,5112,01/01/2012,
PR-00006218,,"Mitcham Primary School Council Inc","Mitcham Primary School Council Inc","Mitcham Primary School, 22A Hillview Rd",KINGSWOOD,SA,5062,01/01/2012,
PR-00006220,,"Modbury Community Children's Centre Inc","Modbury Community Children's Centre Inc","118a Smart Road",MODBURY,SA,5092,01/01/2012,
PR-00006221,,"Modbury CPC-7 School Council Inc CPC-7 After Hours School Care & Vac Care","Modbury CPC-7 School Council Inc Cpc 7 After Hours School Care & Vac Care","2-24 Golden Grove Road",MODBURY,SA,5092,01/01/2012,
PR-00006222,,"Modbury South Primary School Council Inc","Modbury South Primary School Council Inc","PO Box 42","HOPE VALLEY",SA,5090,01/01/2012,
PR-00006223,,"Modbury Special School Council Inc.","Modbury Special School Council Inc.","PO BOX 52","HOPE VALLEY",SA,5090,01/01/2012,
PR-00006224,,"Modbury West School Council Inc","Modbury West School Council Inc","450-474 Wright Rd",MODBURY,SA,5092,01/01/2012,
PR-00006226,,"Moonta Area School Governing Council","Moonta Area School Governing Council","PO Box 113",MOONTA,SA,5558,01/01/2012,
PR-00006227,,"Morphett Vale East Primary School Council Inc","Morphett Vale East Primary School Council Inc","1 Monarch Street","MORPHETT VALE",SA,5162,01/01/2012,
PR-00006228,,"Mount Barker Community Child Care Centre Inc","Mount Barker Community Child Care Centre Inc","Bartram Street","MOUNT BARKER",SA,5251,05/12/2012,
PR-00006229,,"Mount Barker Primary School Council Inc","Mount Barker Primary School Council Inc","2A Dumas St","MOUNT BARKER",SA,5251,01/01/2012,
PR-00006230,,"Mount Barker South Primary School Council Inc","Mount Barker South Primary School Council Inc","Princes Road","MOUNT BARKER",SA,5251,01/01/2012,
PR-00006231,,"Mount Compass Area School Council Inc","Mount Compass Area School Council Inc","PO BOX 54","MOUNT COMPASS",SA,5210,01/01/2012,
PR-00006232,,"Mount Gambier Child Care Centre Inc","Mount Gambier Child Care Centre Inc","3 DERRINGTON ST","MOUNT GAMBIER",SA,5290,01/01/2012,
PR-00006233,,"Mount Gambier Out of School Hours Care Service Inc","Mount Gambier Out of School Hours Care Service Inc","C/- Reidy Park Primary School, O'Halloran Terrace","MOUNT GAMBIER",SA,5290,01/01/2012,
PR-00006234,,"Mount Pleasant Primary School Council Inc","Mount Pleasant Primary School Council Inc","22 Hospital Road","MOUNT PLEASANT",SA,5235,01/01/2012,
PR-00006235,,"Mundow Holdings Pty Ltd","Little Seeds Early Learning Village","PO Box 368",NAIRNE,SA,5252,01/01/2012,
PR-00006236,,"Munno Para Primary School Governing Council Inc","Munno Para Primary School Governing Council Inc","Maltarra Rd","MUNNO PARA",SA,5115,01/01/2012,
PR-00006237,,"Murray Bridge Community Children's Centre Inc","Murray Bridge Community Children's Centre Inc","PO Box 586","MURRAY BRIDGE",SA,5253,01/01/2012,
PR-00006238,,"Murray Bridge North Primary School Council Inc","Murray Bridge North Primary School Council Inc","1 North Terrace","MURRAY BRIDGE",SA,5253,01/01/2012,
PR-00006239,,"Murray Bridge South Primary School Council Inc","Murray Bridge South Primary School Council Inc","54 Joyce Street","MURRAY BRIDGE",SA,5253,01/01/2012,
PR-00006240,,"Nailsworth Primary School Council Inc","Nailsworth Primary School Council Inc","2 Balfour St",NAILSWORTH,SA,5083,01/01/2012,
PR-00006241,,"Nairne Primary School Council Inc","Nairne Primary School Council Inc","PO Box 105",NAIRNE,SA,5252,01/01/2012,
PR-00006242,,"Naracoorte Child Day Care Centre Inc","Naracoorte Child Day Care Centre Inc","39 Park Terrace",NARACOORTE,SA,5271,01/01/2012,
PR-00006243,,"Naracoorte Primary School Governing Council Inc","Naracoorte Primary School Governing Council Inc","C/- Naracoorte Primary School, PO BOX 534",NARACOORTE,SA,5271,01/01/2012,
PR-00006245,,"Nazareth Catholic Community","Nazareth Catholic Community","PO Box 28",FINDON,SA,5023,01/01/2012,
PR-00006247,,"Lucky Stars ELC Pty Ltd","Lucky Stars ELC Pty Ltd","PO Box 2124","ELIZABETH PARK",SA,5113,01/01/2012,
PR-00006248,,"Nicolson Avenue Primary School Council Inc","Nicolson Avenue Primary School Council Inc","Nicolson Avenue Primary School, 91 Nicolson Ave","WHYALLA NORRIE",SA,5608,01/01/2012,
PR-00006249,,"Noarlunga Community Children's Centres Inc","Noarlunga Community Children's Centres Inc","PO Box 611","NOARLUNGA CENTRE",SA,5168,01/01/2012,
PR-00006252,,"North Adelaide Primary School Council Inc","North Adelaide Primary School Council Inc","North AdelaidePrimary School, 62-80 Tynte St","NORTH ADELAIDE",SA,5006,01/01/2012,
PR-00006253,,"North East Community Children's Centre Inc","North East Community Children's Centre","489B North East Road",HILLCREST,SA,5086,01/01/2012,
PR-00006254,,"North Haven Primary School Council Inc","North Haven Primary School Council Inc","North Haven Primary School, 15 Tapping Cres","NORTH HAVEN",SA,5018,01/01/2012,
PR-00006255,,"Northern Area Community and Youth Services Inc","Northern Area Community and Youth Services Inc","PO Box 1518","DAVOREN PARK",SA,5113,01/01/2012,
PR-00006256,,"Northfield Primary School Council Inc","Northfield Primary School Council Inc","North Ave",NORTHFIELD,SA,5085,01/01/2012,
PR-00006257,,"Northgate Children's Services Pty Ltd","Northgate Children's Services Pty Ltd","5 McKinley Court","MAWSON LAKES",SA,5095,01/01/2012,
PR-00006258,,"Norton Summit Primary School Council","Norton Summit Primary School Council Inc.","15 Crescent Drive","NORTON SUMMIT",SA,5136,01/01/2012,
PR-00006259,,"Norwood Out Of School Hours Care Inc","Norwood Out Of School Hours Care Inc","37 Osmond Terrace",NORWOOD,SA,5067,01/01/2012,
PR-00006263,,"Oasis Community Children's Centre Inc","Oasis Community Children's Centre Inc","27 Ann Street",SALISBURY,SA,5108,01/01/2012,
PR-00006264,,"OBMC Pty Ltd","OBMC Pty Ltd","285 Milne Road","MODBURY NORTH",SA,5092,01/01/2012,
PR-00006265,,"Ocean View College Children's Centre (Child Care) Inc","Ocean View College Children's Centre (Child Care) Inc","23 Gedville Road",TAPEROO,SA,5017,01/01/2012,
PR-00006266,,"Ocean View P-12 College Council Inc","Ocean View P-12 College Council Inc","23 Gedville Rd",TAPEROO,SA,5017,01/01/2012,
PR-00006267,,"O'Sullivan Beach Governing Council","O'Sullivan Beach Governing Council","51 Galloway Rd","O'SULLIVAN BEACH",SA,5166,01/01/2012,
PR-00006273,,"Our Saviour Lutheran School","Our Saviour Lutheran School","28 Taylors Rd West","ABERFOYLE PARK",SA,5159,01/01/2012,
PR-00006274,,"Para Vista PS Council","Para Vista PS Council","351 Montague Rd","PARA VISTA",SA,5093,01/01/2012,
PR-00006275,,"Para West Adult Campus Governing Council Inc","Para West Adult Campus Governing Council Inc","PO Box 700","DAVOREN PARK SOUTH",SA,5113,01/01/2012,
PR-00006276,,"Paradise Child Care Centre Inc","Paradise Child Care Centre Inc","67 Darley Road",PARADISE,SA,5075,01/01/2012,
PR-00006277,,"Assembly of God Paradise Inc","Paradise Community Church","57 Darley Rd",PARADISE,SA,5075,01/01/2012,
PR-00006280,,"Parafield Gardens Primary School OSHC / Vacation Care","Parafield Gardens Primary School OSHC / Vacation Care","23 Shepherdson Road","PARAFIELD GARDENS",SA,5107,01/01/2012,
PR-00006283,,"Pimpala Primary School Council Inc","Pimpala Primary School Council Inc","Pimpala Primary School, 24 Vanstone Ave","MORPHETT VALE",SA,5162,01/01/2012,
PR-00006284,,"Plympton Primary School","Plympton Primary School","Plympton Primary School, 19 Owen St",PLYMPTON,SA,5038,01/01/2012,
PR-00006286,,"Port Augusta West Primary School Council Inc","Port Augusta West Primary School Council Inc","46 Mildred Street","PORT AUGUSTA",SA,5700,01/01/2012,
PR-00006288,,"Port Noarlunga Primary School And Aquatics Centre","Port Noarlunga Primary School And Aquatics Centre","Port Noarlunga Primary School, 10 James Ave","PORT NOARLUNGA",SA,5167,01/01/2012,
PR-00006289,,"Port Pirie Child Care Centre Inc","Port Pirie Child Care Centre Inc","First Street","PORT PIRIE",SA,5540,01/01/2012,
PR-00006291,,"Precious Cargo Aldinga Pty Ltd","Precious Cargo Aldinga Pty Ltd","10 Louis Street",STEPNEY,SA,5069,01/01/2012,
PR-00006292,,"Precious Cargo Montessori Child Care & Early Learning Centre Pty Ltd","Precious Cargo Montessori Child Care & Early Learning Centre Pty Ltd","PO Box 1691","MT BARKER",SA,5251,01/01/2012,
PR-00006294,,"Precious Cargo Woodcroft Pty Ltd","Precious Cargo Woodcroft Pty Ltd","PO Box 1691","MOUNT BARKER",SA,5251,01/01/2012,
PR-00006295,,"Prescott ELC Pty Ltd","Prescott ELC Pty Ltd","208 Wattle Street",MALVERN,SA,5061,01/01/2012,
PR-00006296,,"Prescott Primary School","Prescott Primary School","140 Pimpala Rd","MORPHETT VALE",SA,5162,01/01/2012,
PR-00006297,,"PRINCE ALFRED COLLEGE","Prince Alfred College","PO Box 571","KENT TOWN",SA,5071,01/01/2012,
PR-00006298,,"Prospect Community Early Education and Care","Prospect Community Early Education and Care","32 Olive St",PROSPECT,SA,5082,01/01/2012,
PR-00006300,,"Pulteney Grammar School Inc","Pulteney Grammar School Inc","190 South Tce",ADELAIDE,SA,5000,01/01/2012,
PR-00006302,,"Quorn Area School Governing Council","Quorn Area School Governing Council","PO Box 21",QUORN,SA,5433,01/01/2012,
PR-00006303,,"Ramme Pty Ltd","Ramme Pty Ltd","41 Kauri Parade",SEACLIFF,SA,5049,01/01/2012,
PR-00006305,,"Redwood Park Primary School Council","Redwood Park Primary School Council","PO BOX 909","ST AGNES",SA,5097,01/01/2012,
PR-00006306,,"Renmark Children's Centre Inc","Renmark Children's Centre Inc","204 Eighteenth Street",RENMARK,SA,5341,01/01/2012,
PR-00006307,,"Renmark Primary School Council Inc","Renmark Primary School Council Inc","Renmark Primary School , 58 Murtho St",RENMARK,SA,5341,01/01/2012,
PR-00006308,,"Reynella Community Children's Centre Inc.","Reynella Community Children's Centre Inc.","65 Concord Drive",REYNELLA,SA,5161,01/01/2012,
PR-00006309,,"Reynella Primary School Council Inc","Reynella Primary School Council Inc","55-63  Concord Drive","OLD REYNELLA",SA,5161,01/01/2012,
PR-40032829,,"AFLCS Pty Ltd","Adelaide Family Learning and Care Services","10 Druid Ave",STIRLING,SA,5152,17/05/2023,
PR-00007908,,"St Peter's Woodlands Grammar School","St Peter's Woodlands Grammar School","St Peter's Woodlands Grammar S, 39 Partridge St",GLENELG,SA,5045,01/01/2012,
PR-00008027,,"Fulham North Primary School Council Inc","Fulham North Primary School Council Inc","66 Henry St","WEST CROYDON",SA,5008,22/08/2013,
PR-00008028,,"Mylor Primary School Council Inc","Mylor Primary School Council Inc","220 Strathalbyn Road",MYLOR,SA,5351,24/12/2012,
PR-00008031,,"Gayle Juergens","Gayle Louise Juergens","10 Rachel Street","MURRAY BRIDGE",SA,5253,02/10/2012,
PR-00008079,,"St Martin's Preschool Kindergarten, Mount Gambier Inc","St Martin's Preschool Kindergarten, Mount Gambier Inc","17 Edward St","MT GAMBIER",SA,5290,01/01/2012,
PR-00008081,,"Emmaus Christian College Inc","Emmaus Christian College Inc","7 Lynton Ave","SOUTH PLYMPTON",SA,5038,01/01/2012,
PR-00007823,,"Open Arms Community Child Care Centre Inc","Open Arms Community Child Care Centre Inc","PO BOX 602",BIRDWOOD,SA,5234,01/01/2012,
PR-00007846,,"Woodcroft Montessori Pty Ltd","Woodcroft Montessori Pty Ltd.","23 Lilford Way","FLAGSTAFF HILL",SA,5159,10/09/2012,
PR-40017072,,"Immanuel Lutheran School Gawler Association Incorporated","Immanuel Gawler","Immanuel Lutheran School, 11 Lyndoch Rd","GAWLER EAST",SA,5118,29/10/2018,
PR-40017240,,"COORARA PRIMARY SCHOOL GOVERNING COUNCIL INC",,"Taylors Avenue","MORPHETT VALE",SA,5162,17/09/2018,
PR-40017327,,"PEDARE CHRISTIAN COLLEGE INC","Pedare Christian College Inc","12-30 Surrey Farm Dr","GOLDEN GROVE",SA,5125,25/10/2018,
PR-40017396,,"Amazing Kids Children Centre Pty Ltd","Amazing Kids Children Centre Inc","183 Unley Road",UNLEY,SA,5061,02/07/2019,"The provider approval is granted with additional condition that the approved provider undertakes professional development to further consolidate their knowledge and understanding of the role and responsibilities of an approved provider under Education and Early Childhood Services (Registration and Standards) Act 2011 within 3 months from provider approval date."
PR-00010933,,"ECHOING GREEN PTY LTD",,"60 HENDRIE ST",MORPHETTVILLE,SA,5043,21/08/2025,
PR-00011083,,"GAWLER RIVERSIDE ELC PTY LTD","Gawler Riverside ELC","1 SCHEIBENER TCE",GAWLER,SA,5118,24/09/2025,
PR-40009378,,"NADEESHA KUMARASEKARA","LITTLE ACHIEVERS EARLY LEARNING & CHILD CARE CENTRE","3 CARLETT STREET","MAWSON LAKES",SA,5095,16/11/2016,
PR-40009394,,"Ascot Park Primary School Governing Council Inc","Ascot Park Primary School Governing Council Inc","Ascot Park School, 1-37 Pildappa Avenue","PARK HOLME",SA,5043,14/11/2016,
PR-40009614,,"Svetlana Kolesnikova","Svetlana Kolesnikova","29 Quondong Ave",ATHELSTONE,SA,5076,16/12/2016,
PR-40036994,,"YORKETOWN AREA SCHOOL COUNCIL INC","Yorketown Area School OSHC","PO Box 104",YORKETOWN,SA,5576,25/07/2024,
PR-40037090,,"RANGES ELC PTY LTD","The Ranges Early Learning Centres","6 Druid Ave",STIRLING,SA,5152,02/05/2024,
PR-40013138,,"Adelaide Christian Schools Early Learning Centres Incorporated.","Sunrise Christian School Early Learning Centre","305 Goodwood Rd","KINGS PARK",SA,5034,19/08/2019,
PR-40013501,,"Precious Cargo Heatherton Pty Ltd","Precious Cargo Heatherton","PO Box 1691","MT BARKER",SA,5251,04/12/2017,
PR-00006944,,"Charles Campbell College Council","Charles Campbell College Council","3 Campbell Rd",PARADISE,SA,5075,01/01/2012,
PR-00006946,,"Enfield Primary School Governing Council","Enfield Primary School Governing Council","Charice Avenue",ENFIELD,SA,5085,01/01/2012,
PR-00006950,,"Calvary Kindergarten Council","Calvary Kindergarten Council","5 Windsong Court","MORPHETT VALE",SA,5162,01/01/2012,
PR-00006954,,"St Margaret's Kindergarten Management Committee","St Margaret's Kindergarten Management Committee","27 Norman Street",WOODVILLE,SA,5011,01/01/2012,
PR-00006959,,"Immanuel Primary School Association Inc","Immanuel Primary School Association Inc","Saratoga Drive","NOVAR GARDENS",SA,5040,01/01/2012,
PR-00006961,,"Mt Barker Waldorf School","Mt Barker Waldorf School","Mt Barker Waldorf School, 27 Sims Rd","MOUNT BARKER",SA,5251,01/01/2012,
PR-00006972,,"Seymour College Inc","Seymour College Inc","546 Portrush Road","GLEN OSMOND",SA,5064,01/01/2012,
PR-00006973,,"Walford Anglican School For Girls Inc","Walford Anglican School For Girls Inc","PO BOX 430",UNLEY,SA,5061,01/01/2012,
PR-00006975,,"Margaret Ives Community Children's Centre Inc","Margaret Ives Community Children's Centre Inc","19 Edward St",NORWOOD,SA,5067,01/01/2012,
PR-00006977,,"Morphett Vale Primary School Council Inc","Morphett Vale Primary School Council Inc","Lawrence St","MORPHETT VALE",SA,5162,24/04/2012,
PR-00006985,,"Concordia Kindergarten Murray Bridge Inc","Concordia Kindergarten Murray Bridge Inc","29 Florence Street","MURRAY BRIDGE",SA,5253,01/01/2012,
PR-00007024,,"The Barossa Valley Community Creche Inc","Barossa Valley Community Creche","76 Magnolia Rd",TANUNDA,SA,5352,19/06/2012,
PR-00007059,,"Balaklava Community Children's Centre Inc","Balaklava Community Children's Centre Inc","15 Scotland Street",BALAKLAVA,SA,5461,01/01/2012,
PR-00007069,,"Governing Council Carol Murray Children's Centre (Childcare) Inc","Governing Council Carol Murray Children's Centre (Childcare) Inc","121 RAMSAY TCE",BORDERTOWN,SA,5268,01/01/2012,
PR-00007071,,"Clare Valley Children's Centre Inc","Clare Valley Children's Centre Inc","PO BOX 716",CLARE,SA,5453,01/01/2012,
PR-00007073,,"Goolwa Children's Centre Inc","Goolwa Children's Centre Inc","Brooking Street",GOOLWA,SA,5214,01/01/2012,
PR-00007075,,"Jamestown Community Children's Centre Inc","Jamestown Community Children's Centre Inc","1a Cockburn Road",JAMESTOWN,SA,5491,01/01/2012,
PR-00007084,,"TORRENS VALLEY CHILDREN'S CENTRE CHILD CARE INC","Torrens Valley Children's Centre Inc","10 Randell Terrace",GUMERACHA,SA,5233,01/01/2012,
PR-00007086,,"Two Wells Community Children's Centre Inc","Two Wells Community Children's Centre Inc","27 Gawler Rd","TWO WELLS",SA,5501,01/01/2012,
PR-00007088,,"Waikerie Children's Centre Inc","Waikerie Children's Centre Inc","16 Marks Terrace",WAIKERIE,SA,5330,01/01/2012,
PR-40000911,,"Prospect Primary School Council Inc.","Prospect Primary Out School Care","Prospect Primary School, 27 Gladstone Rd",PROSPECT,SA,5082,04/09/2013,
PR-40001035,,"Veronica Blyth","Cheeky Monkey's Early Learning Child Care","33 Hawke Cres","SALISBURY EAST",SA,5109,22/10/2013,
PR-40001107,,"Rhian Hill","Marino Early Learning","62 Wickham Rd","HAPPY VALLEY",SA,5159,23/09/2013,
PR-40021429,,"Educare Little Learners Pty Ltd","Educare Little Learners","PO Box 15","CHRISTIES BEACH",SA,5165,20/11/2019,
PR-40021597,,"Saint Ignatius' College (Adelaide) Limited","Ignatius Early Years","58 Queen St",NORWOOD,SA,5067,30/07/2020,
PR-40021678,,"O'Sullivan Beach Children's Centre (Child Care) Incorporated","O'Sullivan Beach Children's Centre (Childcare)","51A Galloway Road","O'SULLIVAN BEACH",SA,5166,13/02/2020,
PR-40021898,,"Walkerville Pre-Kindergarten Pty Ltd","Walkerville Pre-Kindergarten","32 SEAVIEW GR","BLAIR ATHOL",SA,5084,31/01/2020,
PR-40021899,,"Multi Cultural Youth Education Supported Services Limited","Pinnacle College","10 Anderson St","ELIZABETH EAST",SA,5112,04/05/2020,
PR-00010055,,"IQRA ISLAMIC COLLEGE OF SOUTH AUSTRALIA LIMITED","Iqra College","ONKAPARINGA TAFE, 5 MAJORS RD","O'HALLORAN HILL",SA,5158,14/01/2025,"If PA08 notifications are submitted through the National Quality Agenda IT System to add person/s with management and control (PMC), the person/s will be required to successfully complete National Law testing in accordance with Section 14 of the National Law before being added as a PMC, unless the testing has been successfully completed in another jurisdiction."
PR-40005961,,"FAITH MONTESSORI CENTRE PTY LTD","Faith Montessori Centre Pty Ltd","17 Cooke Cres","ROYAL PARK",SA,5014,30/10/2015,
PR-40006310,,"Otama Nominees Pty Ltd","Advanced Early Learning","34 Martin Ct","WEST LAKES",SA,5021,10/12/2015,
PR-40027925,,"SHAREENA MIMI DE VRIES","SORAYYA EARLY EDUCATION AND CARE","5 Beachway Ave","BROOKLYN PARK",SA,5032,23/12/2021,"The provider approval is issued subject to the condition that you complete child protection training and submit relevant evidence to the Regulatory Authority prior to service approval."
PR-40028017,,"Bright Beginnings ELC Pty Ltd","Brightside Early Learning Centre","20 Petworth parade",GREENWITH,SA,5125,26/11/2021,
PR-40029236,,"FIRST CHOICE EARLY EDUCATION CENTRE PTY LTD","First Choice Early Education Centre","114 North Terrace","MOUNT GAMBIER WEST",SA,5291,03/08/2022,
PR-40029747,,"RP EDUCATION PTY LTD",n/a,"21 KATOOMBA RD",BEAUMONT,SA,5066,16/08/2022,
PR-40029796,,"RED LION EDUCATION PTY LIMITED","Beyond Early Learning","Scotch College, 23 Carruth Rd","TORRENS PARK",SA,5062,05/08/2022,
PR-40000115,,"OZ Vision Training Service Pty Ltd","OZ Vision Family Day Care Scheme","U 1  36 Valiant Rd","HOLDEN HILL",SA,5088,12/11/2012,
PR-40000123,,"Michcrys Trust (Mike & Michelle Dench)","Little Hearts Child Care Centre","13 Whitford Rd","ELIZABETH SOUTH",SA,5112,04/02/2013,
PR-40000212,,"The Trustee for Allison & Phil Family Trust","The Trustee for Allison & Phil Family Trust","PO Box 344","SURREY DOWNS",SA,5126,04/03/2013,
PR-40000221,,"Henley Beach Primary School Council Inc.","Henley Beach Primary School Council Inc","Henley Beach Primary School, 38 Hazel Tce","HENLEY BEACH SOUTH",SA,5022,09/04/2013,
PR-40000280,,"Gawler & District College B-12 School Council","Gawler & District College B-12 Out of School Hours Care","Gawler & District College B-12, 53 Barnet St",EVANSTON,SA,5116,02/01/2013,
PR-40000350,,"Upper Sturt Primary Governing Council","Upper Sturt Primary School Out of School Hours Care","PO Box 486",STIRLING,SA,5152,28/06/2013,
PR-40000398,,"Jetlaw Pty Ltd",,"96 Main South Rd","MORPHETT VALE",SA,5162,08/05/2013,
PR-40034534,,"KINDLES CHILDCARE AND EDUCATION PTY. LTD.","Kindles Childcare and Education","5 Hawke St","LINDEN PARK",SA,5065,10/10/2023,
PR-40035148,,"Tyndale Christian School - Kadina Inc","Harvest Christian College OSHC","Harvest Christian School, 10 Pannan Rd",KADINA,SA,5554,04/11/2023,
PR-40004702,,"Navigator College Inc",,"PO Box 3199","PORT LINCOLN",SA,5606,10/07/2015,
PR-40004857,,"Keith Area School Governing Council Inc","Keith Area School Governing Council Inc","Tolmer Terrace",KEITH,SA,5267,06/08/2015,
PR-40004914,,"REDEEMER LUTHERAN SCHOOL INC","Redeemer Lutheran School Incorporated","PO Box 397",NURIOOTPA,SA,5355,22/10/2015,
PR-00009424,,"KJJT TRADING PTY LTD",,"PO BOX 678","KENSINGTON PARK",SA,5068,01/07/2024,
PR-00009530,,"NOARLUNGA DOWNS PRIMARY SCHOOL COUNCIL INC","Noarlunga Downs Primary School Council Inc","NOARLUNGA DOWNS PRIMARY SCHOOL, 1 CANTERBURY CR","NOARLUNGA DOWNS",SA,5168,20/08/2024,
PR-00009595,,"AO EDUCATION (GAWLER) PTY LTD","Confident Kids Child Care & Early Learning Gawler","PO BOX 530",GLENELG,SA,5045,16/08/2024,
PR-00009601,,"ADELAIDE BUSINESS GROUP PTY LTD","Treehouse Childcare and Early Learning Centre","309 NORTH EAST RD","HAMPSTEAD GARDENS",SA,5086,02/09/2024,"If the AP submits PA08 notifications to add person/s with management and control, the person/s will be required to complete National Law testing in accordance with Section 14 (3) of the National Law, unless this has successfully been completed in another jurisdiction."
PR-40003285,,"McLaren Vale Primary School Council Inc",,"Caffrey Street","MCLAREN VALE",SA,5171,25/02/2015,
PR-40003370,,"TAFE SA",,"Adelaide Institute of TAFE, 120 Currie St",ADELAIDE,SA,5000,14/09/2015,
PR-40003655,,"Ridgehaven ELC Pty Ltd AFT MV Trust","Ridgehaven ELC Pty Ltd AFT MV Trust","39 East Pkwy","COLONEL LIGHT GARDENS",SA,5041,08/04/2015,
PR-40004117,,"Montessori On The Park Pty Ltd","Montessori On The Park Pty Ltd","PO Box 4036","TRANMERE NORTH",SA,5073,12/06/2015,
PR-40018871,,"Good Shepherd Lutheran School Para Vista Inc","Good Shepherd Lutheran School Para Vista","Good Shepherd Lutheran School, 388 Montague Rd","PARA VISTA",SA,5093,13/05/2019,
PR-40019096,,"Oxford Montessori Pty Ltd","Little Oxford Montessori","PO Box 4036","TRANMERE NORTH",SA,5073,07/03/2019,
PR-40019194,,"Hessel Pty Ltd","Hessel Childrens Centre","Unit 4, 224 Glen Osmond Rd",FULLARTON,SA,5063,07/06/2019,
PR-40019334,,"UP'N'GROW PTY LTD","Up ""N"" Grow Pty Ltd","60 Liberty Ave","NORTH HAVEN",SA,5018,28/06/2019,
PR-40019373,,"Old Noarlunga Primary School Governing Council Inc","Old Noarlunga Primary School","23 Malpas Street","OLD NOARLUNGA",SA,5168,25/06/2019,
PR-40019580,,"Southern Mallee District Council","Southern Mallee District Council","PO Box 49",PINNAROO,SA,5304,24/05/2019,
PR-40010909,,"AMANDA COOMBE",,"1 Balkissoch Rd","TORRENS PARK",SA,5062,17/08/2017,
PR-40010920,,"NORWOOD COMMUNITY CRECHE INC","Norwood Community Creche Inc","280 Portrush Rd","BEULAH PARK",SA,5067,07/07/2017,"Any person with management and control of the service who does not have a current Department of Community and Social Inclusion (DCSI) Relevant History Assessment must not access children or children’s records other than those they could access as the parent or guardian. "
PR-40011153,,"Sri Rekha Settipalli","Curious Tots Early Learning Centre","24 Renown Avenue","CLOVELLY PARK",SA,5042,06/06/2017,
PR-40026250,,"SEEDS MONTESSORI MAWSON LAKES PTY LTD","Seeds Montessori Mawson Lakes","20 Petworth Pde",GREENWITH,SA,5125,29/06/2021,
PR-40026355,,"Pritdarshini Shane Christian",,"8 Selkirk Ave",SEATON,SA,5023,28/07/2021,
PR-40026389,,"WILDBERRIES PTY LTD",,"33 Angley Ave",FINDON,SA,5023,01/09/2021,
PR-40026559,,"NGUTU COLLEGE LTD","NGUTU COLLEGE","PO Box 152",WOODVILLE,SA,5011,26/08/2021,
PR-40001729,,"Crafers Primary School Governing Council Inc","Crafers Primary School Governing Council Inc","55 PICCADILLY RD",CRAFERS,SA,5152,20/03/2014,
PR-40001731,,"Stirling East Primary School Governing Council Inc","Stirling East Primary School Governing Council Inc","Stirling East Primary School, 51 Braeside Rd",STIRLING,SA,5152,20/03/2014,
PR-40014762,,"Cosmic Education Pty Ltd","Montessori Casa Long Day Care & Early Learning Centre","UNIT 1 839-841 MAIN NORTH RD",POORAKA,SA,5095,05/04/2018,
PR-40015542,,"CBF Childcare Pty Ltd","Daws Road Early Learning Centre","82 Fairlie Dr","FLAGSTAFF HILL",SA,5159,27/04/2018,
PR-40015557,,"CROSSWAYS LUTHERAN SCHOOL CEDUNA ASSOCIATION INC","Crossways Early Learning Centre","Crossways Lutheran School, 4 Smith Rd",CEDUNA,SA,5690,18/12/2018,
PR-40007758,,"Kindergarten of Eden: Montessori Inspired Education","Kindergarten of Eden: Montessori Inspired Education","3 Eden Tce","PORT WILLUNGA",SA,5173,08/06/2016,
PR-40007943,,"OLANA CHILD CARE & EARLY LEARNING CENTRE","OLANA CHILD CARE & EARLY LEARNING CENTRE","77 Hunter Cres","SALISBURY NORTH",SA,5108,31/08/2016,
PR-40008221,,"The Trustee for Fuller Family Trust","Cummins Cottage Care","21 Light Rd",CUMMINS,SA,5631,13/09/2016,
PR-00010418,,"COASTAL MONTESSORI PTY LTD","Coastal Montessori Early Learning Centre","19 HALCYON CCT","ALDINGA BEACH",SA,5173,05/02/2025,
PR-00010462,,"LONSDALE HEIGHTS PRIMARY SCHOOL GOVERNING COUNCIL INCORPORATED","LONSDALE HEIGHTS PRIMARY SCHOOL OSHC","LONSDALE HEIGHTS PRIMARY SCHOO, 25 SUNNINGDALE DR","CHRISTIE DOWNS",SA,5164,04/03/2025,
PR-00010515,,"KIDZEY EARLY LEARNING PTY LTD","KIDZEY EARLY LEARNING","2C ALISON AV",MARION,SA,5043,10/04/2025,
PR-40031121,,"Adelaide Early Education Pty Ltd","Hawthorn Childcare Centre","110 Watson Ave","TOORAK GARDENS",SA,5065,05/12/2022,
PR-40031548,,"Montessori Cook Pty Ltd","Montessori Kids","10 Ruth Court",MARINO,SA,5049,24/03/2023,
PR-00008156,,"Wilderness School Limited","Wilderness School Limited","PO BOX 93",WALKERVILLE,SA,5081,01/01/2012,
PR-00008167,,"Deborah Appleby","Deborah Appleby","38 Victoria Pde","MAWSON LAKES",SA,5095,14/11/2012,
PR-00008201,,"FSSAOSHC Pty Ltd",,"PO Box 7356","WEST LAKES",SA,5021,04/02/2013,
PR-00008219,,"Alexander Lawrence","Alexander Lawrence","24 Keller Road","SALISBURY EAST",SA,5109,01/01/2012,
PR-00008351,,"The Jessie Brown Management Committee","The Jessie Brown Management Committee","Jessie Brown Kindergarten, 123 Gloucester Ave",BELAIR,SA,5052,01/01/2012,
PR-00008809,,"Willunga Waldorf School and Willunga Waldorf School",,"PO Box 730",WILLUNGA,SA,5172,01/01/2012,
PR-00008820,,"Sturt Street Community School Council Inc","Sturt Street Community School Council Inc","15 LITTLE STURT ST",ADELAIDE,SA,5000,01/01/2012,
PR-00009069,,"Sally Cudmore",,"13 Alfred Street",MEDINDIE,SA,5081,01/01/2012,
PR-00009071,,"TORRENS VALLEY ASSOCIATION FOR CHRISTIAN EDUCATION","Torrens Valley Christian School","1227 Grand Junction Road","HOPE VALLEY",SA,5090,01/01/2012,
PR-00009203,,"Tyndale Christian School - Murray Bridge Inc","Tyndale Christian School - Murray Bridge Inc","PO Box 1460","MURRAY BRIDGE",SA,5253,01/01/2012,
PR-40033335,,"WDNK PTY LTD","Woodville Day Nursery and Kindergarten","128 Alma Tce","WOODVILLE WEST",SA,5011,18/08/2023,
PR-40033626,,"M & N EDUCATION HUB PTY LTD","Playford Child Care Centre","173 Findon Rd",FINDON,SA,5023,11/08/2023,
PR-40033659,,"LITTLE PEOPLE ACADEMY PTY. LTD.","Little People Academy","381 Honeypot Rd","HACKHAM WEST",SA,5163,17/08/2023,
PR-40033761,,"P.K EDE & S OZPINAR","First Steps @ Albert Park","20 Prince Albert St","ALBERT PARK",SA,5014,27/10/2023,
PR-40033967,,"Family Day Care SA Pty Ltd","Family Day Care SA","PO Box 114","SEACLIFF PARK",SA,5049,14/11/2023,
PR-00006310,,"Reynella South Primary School Council Inc","Reynella South Primary School Council Inc","119-135 Sherriffs Road",REYNELLA,SA,5161,01/01/2012,
PR-00006311,,"Richmond Primary School Council Inc","Richmond Primary School Council Inc","8 Surrey Rd",KESWICK,SA,5035,01/01/2012,
PR-00006312,,"Ridgehaven Primary School Council Inc","Ridgehaven Primary School Council Inc","479 Milne Road",RIDGEHAVEN,SA,5097,01/01/2012,
PR-00006313,,"Ainsley Kathleen Roscrow","Roscrow, Ainsley Kathleen","PO Box 94",WILLUNGA,SA,5172,01/01/2012,
PR-00006314,,"Rose Park Primary School Council Inc","Rose Park Primary School Council Inc","Rose Park Primary School, 54 Alexandra Ave","ROSE PARK",SA,5067,01/01/2012,
PR-00006316,,"Roxby Downs Area School Council","Roxby Downs Area School Council","7 Richardson Place","ROXBY DOWNS",SA,5725,01/01/2012,
PR-00006317,,"Roxby Downs Child Care Centre Inc","Roxby Downs Child Care Centre Inc","1/15 Richardson Crescent","ROXBY DOWNS",SA,5725,01/01/2012,
PR-00006320,,"Mawson Lakes Community Early Learning Incorporated","Mawson Lakes Community Early Learning","12-28 Garden Tce","MAWSON LAKES",SA,5095,01/01/2012,
PR-00006321,,"Salisbury Heights PS Council","Salisbury Heights PS Council","SALISBURY HEIGHTS PRIMARY SCHO, 9 WARD ST","SALISBURY HEIGHTS",SA,5109,01/01/2012,
PR-00006324,,"Salisbury Primary School Council Inc","Salisbury Primary School Council Inc","10 COMPUDA ST",SALISBURY,SA,5108,01/01/2012,
PR-00006326,,"Scotch College Inc","Scotch College Inc","Norman Walk",MITCHAM,SA,5062,01/01/2012,
PR-00006327,,"Seacliff Primary School Council Inc","Seacliff Primary School Governing Council","5 Barwell Ave",SEACLIFF,SA,5049,01/01/2012,
PR-00006328,,"Seaford District Children's Centre Inc","Seaford District Children's Centre Inc","600 Grand Boulevard",SEAFORD,SA,5169,01/01/2012,
PR-00006330,,"Seaton Community Children's Centre Inc","Seaton Community Children's Centre Inc","37 Glenburnie Street",SEATON,SA,5023,01/01/2012,
PR-00006331,,"Seaview Downs Primary School Council","Seaview Downs Primary School Council","Seaview Downs P/S, Ross St","SEAVIEW DOWNS",SA,5049,01/01/2012,
PR-00006332,,"Secrets D'Enfance Pty Ltd","Secrets D'Enfance Pty Ltd","121-139 Grote Street",ADELAIDE,SA,5000,01/01/2012,
PR-00006334,,"Settlers Farm Primary School Council Inc","Settlers Farm Primary School Council Inc","PO BOX 202",SALISBURY,SA,5108,01/01/2012,
PR-00006335,,"Sheidow Park School Council Inc","Sheidow Park School Council Inc","21-43 Adams Road","SHEIDOW PARK",SA,5158,01/01/2012,
PR-00006336,,"Precious Cargo Westbourne Park Pty Ltd","Ms Cheryl Shigrov","PO Box 1691","MOUNT BARKER",SA,5251,01/01/2012,
PR-00006337,,"Shirley Skinner","Ms Shirley Skinner","529 REGENCY RD","SEFTON PARK",SA,5083,01/01/2012,
PR-00006339,,"Southern Barossa Community Childcare Centre Inc.","Southern Barossa Community Childcare Centre Inc.","PO Box 314",LYNDOCH,SA,5351,01/01/2012,
PR-00006342,,"Southern Vales Christian College Inc","Southern Vales Christian College Building Fund","140, States Road","MORPHETT VALE",SA,5162,01/01/2012,
PR-00006343,,"Mercy Education Limited","St Aloysius College Inc","St Aloysius College, 53 Wakefield St",ADELAIDE,SA,5000,01/01/2012,
PR-00006344,,"St Andrew's School Inc","St Andrew's School Inc","PO Box 87 ",WALKERVILLE,SA,5081,01/01/2012,
PR-00006348,,"St Columba College Munno Para Inc","St Columba College Munno Para Inc","President Ave","ANDREWS FARM",SA,5114,01/01/2012,
PR-00006350,,"St Francis Community Children's Centre","St Francis Community Children's Centre","306 Waterloo Corner Rd",PARALOWIE,SA,5108,01/01/2012,
PR-00006354,,"Saint Ignatius College","Saint Ignatius College","62 Queen St",NORWOOD,SA,5067,01/01/2012,
PR-00006355,,"St Jakobi Lyndoch Lutheran School Association Inc","St Jakobi Lyndoch Lutheran School Association Inc","PO Box 138",LYNDOCH,SA,5351,01/01/2012,
PR-00006359,,"St John's Grammar School Inc","St John's Grammar School","PO Box 234",BELAIR,SA,5052,01/01/2012,
PR-00006367,,"St Leonards Primary School Council","St Leonards Primary School Council","Jervois St","GLENELG NORTH",SA,5045,01/01/2012,
PR-00006372,,"St Mary’s College Inc","St Mary's College Inc","253 Franklin Street",ADELAIDE,SA,5000,01/01/2012,
PR-00006374,,"St Michael's College Adelaide","St Michael's College Adelaide","78 East Ave",BEVERLEY,SA,5009,01/01/2012,
PR-00006376,,"St Morris Community Child Care Centre Inc","St Morris Community Child Care Centre Inc","64 Gage Street","ST MORRIS",SA,5068,01/01/2012,
PR-00006378,,"St Paul Lutheran School Inc","St Paul Lutheran School Inc","44 Audrey Avenue","BLAIR ATHOL",SA,5084,01/01/2012,
PR-00006379,,"St Peter's Collegiate Girls' School Inc","St Peter's Collegiate Girls School Inc","32 Hallett Road",STONYFELL,SA,5066,01/01/2012,
PR-00006380,,"Concordia College (St Peters Campus, Blackwood)  Incorporated","Concordia College, St Peters Campus Blackwood","71 Cumming Street",BLACKWOOD,SA,5051,01/01/2012,
PR-00006386,,"Stansbury Primary School Governing Council","Stansbury Primary School Governing Council","PO BOX 11",STANSBURY,SA,5582,01/01/2012,
PR-00006388,,"Stepping Stone (S.A.) Childcare & Early Development Centres Pty Ltd","Stepping Stone (S.A.) Childcare & Early Development Centres Pty Ltd","209 Magill Road",MAYLANDS,SA,5069,01/01/2012,
PR-00006390,,"Stirling Community Early Learning Centre Incorporated","Stirling Community Early Learning Centre","39 PINE STREET",STIRLING,SA,5152,01/01/2012,
PR-00006393,,"Streaky Bay Area School Council Inc","Streaky Bay Area School Council Inc","109 Wells Street","STREAKY BAY",SA,5680,01/01/2012,
PR-00006395,,"Adelaide Christian Schools Inc","Adelaide Christian Schools Inc","Suite 6, 2-4 Henley Beach Road","MILE END",SA,5031,01/01/2012,
PR-00006396,,"Surrey Downs Community Children's Centre Inc","Surrey Downs Community Children's Centre Inc","76 Illyarrie Avenue","SURREY DOWNS",SA,5126,01/01/2012,
PR-00006397,,"Surrey Downs Primary School Council Inc","Surrey Downs Primary School Council Inc","16-24 Vine St","SURREY DOWNS",SA,5126,01/01/2012,
PR-00006398,,"Office of TAFE","Office of TAFE","GPO BOX 1872",ADELAIDE,SA,5001,01/01/2012,
PR-00006401,,"Tanunda Lutheran School Council Incorporated","Tanunda Lutheran School Council Incorporated","16 Maria St",TANUNDA,SA,5352,01/01/2012,
PR-00006402,,"Tea Tree Gully Primary School Council","Tea Tree Gully Primary School Council","7-9 Neale St","TEA TREE GULLY",SA,5091,01/01/2012,
PR-00006403,,"The Anglican Church of Australia Collegiate School of St Peter","The Anglican Church of Australia Collegiate School of St Peter","North Terrace","ST PETERS",SA,5069,01/01/2012,
PR-00006404,,"The trustee for Bishop Family Trust","The trustee for Bishop Family Trust","9 Glenwood Rd",SPRINGFIELD,SA,5062,01/01/2012,
PR-00006405,,"The Corporation of the City of Port Augusta","The Corporation of the City of Port Augusta","PO Box 1704","PORT AUGUSTA",SA,5700,01/01/2012,
PR-00006406,,"The Corporation of the City of Whyalla","The Corporation of the City of Whyalla","PO Box 126",WHYALLA,SA,5608,01/01/2012,
PR-00006407,,"The Gums Childcare Centre Pty Ltd","The Gums Childcare Centre Pty Ltd","PO Box 940",CLARE,SA,5453,01/01/2012,
PR-00006408,,"The Heights School Council Inc","The Heights School Council Inc","The Heights School, Brunel Dr","MODBURY HEIGHTS",SA,5092,01/01/2012,
PR-00006409,,"The Hills Christian Community School Inc","The Hills Christian Community School Inc","16 Onkaparinga Valley Rd",VERDUN,SA,5245,01/01/2012,
PR-00006411,,"The Hills Montessori School Inc","The Hills Montessori School Inc","12 Anderson Road ",ALDGATE,SA,5154,01/01/2012,
PR-00006413,,"The Pines Community Children's Centre","The Pines Community Children's Centre","14 Hemming Street","PARAFIELD GARDENS",SA,5107,01/01/2012,
PR-00006414,,"The Pines Primary School Council","The Pines Primary School Council","The Pines Primary School, 42 Andrew Smith Dr","PARAFIELD GARDENS",SA,5107,01/01/2012,
PR-00006415,,"The Queen Elizabeth Hospital Community Child Care Centre","The Queen Elizabeth Hospital Community Child Care Centre","37 Woodville Rd",WOODVILLE,SA,5011,01/01/2012,
PR-00006416,,"Thorndon Park Primary School Governing Council","Thorndon Park Primary School Governing Council","71 Stradbroke Rd",ATHELSTONE,SA,5076,01/01/2012,
PR-00006417,,"Tilbrook Child Care Centre Inc","Tilbrook Child Care Centre Inc","56 Hampton Street",GOODWOOD,SA,5034,01/01/2012,
PR-00006418,,"Topsy Turvy Child Care Centre Pty Ltd","Topsy Turvy Child Care Centre Pty Ltd","1 Prosser Terrace","MURRAY BRIDGE",SA,5253,01/01/2012,
PR-00006419,,"Torrensville Primary School Council Inc","Torrensville Primary School Council Inc","Torrensville Primary School OSHC, 35 Hayward Ave",TORRENSVILLE,SA,5031,01/01/2012,
PR-00006421,,"Treetops Early Learning Centres Pty Ltd","Treetops Early Learning Centres Pty Ltd","PO Box 2219","KENT TOWN",SA,5071,01/01/2012,
PR-00006422,,"Trinity College Gawler Inc","Trinity College Gawler Inc","PO Box 131",GAWLER,SA,5118,01/01/2012,
PR-00006423,,"Trinity Gardens Primary School Council Inc","Trinity Gardens Primary School Council Inc","160 Portrush Rd","TRINITY GARDENS",SA,5068,01/01/2012,
PR-00006424,,"Tumby Bay Area School Council Inc","Tumby Bay Area School Council Inc","PO Box 125","TUMBY BAY",SA,5605,01/01/2012,
PR-00006425,,"Uniting Care Wesley Bowden Inc","Uniting Care Wesley Bowden Inc","77 Gibson Street",BOWDEN,SA,5007,01/01/2012,
PR-00006426,,"Unley Community Childcare Centre Inc","Unley Community Childcare Centre Inc","42 Arthur St",UNLEY,SA,5061,01/01/2012,
PR-00006427,,"Uraidla Primary School Council","Uraidla Primary School Council","Care of Uraidla Post Office, Uraidla Primary School",URAIDLA,SA,5142,01/01/2012,
PR-00006428,,"Vale Park Primary School Council Inc","Vale Park Primary School - OSHC","40-56 Ascot Avenue","VALE PARK",SA,5081,01/01/2012,
PR-00006429,,"Victor Harbor Childcare and Education Centre Inc","Victor Harbor Childcare and Education Centre Inc","Bay Road","VICTOR HARBOR",SA,5211,01/01/2012,
PR-00006430,,"Victor Harbor R-7 School Council Inc","Victor Harbor R-7 School Council Inc","The Parkway","VICTOR HARBOR",SA,5211,01/01/2012,
PR-00006432,,"Virginia Grove Early Learning Centre Pty Ltd","Virginia Grove Early Learning Centre Pty Ltd","PO BOX 2267","SALISBURY DOWNS",SA,5108,01/01/2012,
PR-00006433,,"Virginia Primary School Council Inc","Virginia Primary School Council Inc","36 Park Rd",VIRGINIA,SA,5120,01/01/2012,
PR-00006434,,"Mr Jaroslav Volf","Mr Jaroslav Volf & Mrs Lenka Volf","235 The Cove Road","HALLETT COVE",SA,5158,01/01/2012,
PR-00006436,,"Waikerie Primary School Council Inc","Waikerie Primary School Council Inc","23 Coombe Terrace",WAIKERIE,SA,5330,01/01/2012,
PR-00006437,,"Walkerville Primary School Council Inc","Walkerville Primary School Council Inc","PO BOX 20",WALKERVILLE,SA,5081,01/01/2012,
PR-00006438,,"Wallaroo Primary School Council Inc","Wallaroo Primary School Council Inc","12A Hughes Street",WALLAROO,SA,5556,01/01/2012,
PR-00006439,,"Warradale Community Children's Centre Inc","Warradale Community Children's Centre Inc","PO Box 326","PARK HOLME",SA,5043,01/01/2012,
PR-00006440,,"Warradale Primary School Council Inc","Warradale Primary School Council Inc","Warradale Primary, Keynes Avenue",WARRADALE,SA,5046,01/01/2012,
PR-00006441,,"Wattle Range Council","Wattle Range Council","PO Box 27 ",MILLICENT,SA,5280,01/01/2012,
PR-00006442,,"West Beach Primary School Council Inc","West Beach Primary School Council Inc","3 Woodhead St","WEST BEACH",SA,5024,01/01/2012,
PR-00006443,,"WEST LAKES SHORE SCHOOL R-7 SCHOOL COUNCIL INC","West Lakes Shore Schools Council Inc","Edwin St","WEST LAKES SHORE",SA,5020,01/01/2012,
PR-00006445,,"Westminster School Inc","Westminster School Inc","Alison Ave",MARION,SA,5043,01/01/2012,
PR-00006446,,"Westport Primary School Council Inc","Westport Primary School Council Inc","53 West St","SEMAPHORE PARK",SA,5019,01/01/2012,
PR-00006447,,"Whyalla Town Primary School Governing Council","Whyalla Town Primary School Governing Council","3-9 Walls Street",WHYALLA,SA,5600,01/01/2012,
PR-00006449,,"Williamstown Primary School Council Inc","Williamstown Primary School Council Inc","1 Margaret Street",WILLIAMSTOWN,SA,5351,01/01/2012,
PR-00006450,,"Willunga Primary School Council Inc","Willunga Primary School Council Inc","58 Cudmore Rd",MCCRACKEN,SA,5211,01/01/2012,
PR-00006451,,"Woodcroft College Incorporated","Woodcroft College OSHC","PO Box 48","MORPHETT VALE",SA,5162,01/01/2012,
PR-00006452,,"Woodend Primary School Council Inc","Woodend Primary School Council Inc","Woodend Primary School, Edward Beck Dr","SHEIDOW PARK",SA,5158,01/01/2012,
PR-00006453,,"Woodside Primary School Governing Council","Woodside Primary School Governing Council","23 Moffett Street",WOODSIDE,SA,5244,01/01/2012,
PR-00006454,,"Woodville Gardens School (B-6) Children's Centre for Early Childhood Development & Parenting","Woodville Gardens School (B-6) Children's Centre (Child Care)","Ridley Grove School, 18 Ridley Gr","WOODVILLE GARDENS",SA,5012,01/01/2012,
PR-00006455,,"Woodville Primary School Parent Community","Woodville Primary School Parent Community","Woodville P/S, Evans St",WOODVILLE,SA,5011,01/01/2012,
PR-00006456,,"Jennifer Worden","Ms Jennifer Worden","26 Susan St","ST AGNES",SA,5097,01/01/2012,
PR-00006458,,"Wynn Vale Schools OSHC","Wynn Vale Schools OSHC","17-19 Sunnybrook Drive","WYNN VALE",SA,5127,01/01/2012,
PR-00006459,,"Yahl Primary School Council Inc.","Yahl Primary School Council Inc.","PO Box 3354","MOUNT GAMBIER",SA,5290,01/01/2012,
PR-00006460,,"Yankalilla Area School Council Inc","Yankalilla Area School Council Inc","207 Main Road",YANKALILLA,SA,5203,01/01/2012,
PR-00006461,,"Mr George Yannis & Mrs Thelma Yannis","Mr George Yannis & Mrs Thelma Yannis","53 Highfield Avenue","ST GEORGE",SA,5064,01/01/2012,
PR-00006462,,"Yawarra Children's Services Inc","Yawarra Children's Services Inc","67 Kesters Road","PARA HILLS WEST",SA,5096,01/01/2012,
PR-00006463,,"YMCA of South Australia Inc","3 October 2025 - Initial assessment","PO Box 126","RUNDLE MALL",SA,5000,01/01/2012,
PR-00011445,,"PLAYFORD PRIMARY SCHOOL COUNCIL INC","Playford Primary School","216 ADAMS RD",CRAIGMORE,SA,5114,16/12/2025,
PR-00011626,,"Tjitji Tjapu Tjuta Childcare Centre",,"PO Box 300, Coober Pedy SA 5723","COOBER PEDY",SA,5723,26/11/2025,
PR-40009939,,"D.A. & C.C. Mathews","Nurtured Sprouts Childcare","PO Box 327","MORPHETT VALE",SA,5162,21/02/2017,
PR-40010009,,"Garden College","Garden College Early Learning Centre","PO Box 2092","SALISBURY DOWNS",SA,5108,24/02/2017,
PR-40010219,,"The Trustee for JB & BJ OSHC TRUST",,"1 Settlers Dr","WEST LAKES",SA,5021,27/02/2017,
PR-40010460,,"GSE Star Pty Ltd as Trustee for GSE Star Unit Trust",,"7 William St","MORPHETT VALE",SA,5162,01/06/2017,
PR-40025261,,"Echoes Montessori Pty Ltd","Echoes Montessori","PO Box 4036","TRANMERE NORTH",SA,5073,09/04/2021,
PR-40025270,,"H.I SONI & I.B SONI",,"L 1  84 North Tce","KENT TOWN",SA,5067,01/06/2021,
PR-40025371,,"Children's Early Learning Academy PTY LTD",,"6, Sixth Street","MURRAY BRIDGE",SA,5253,01/06/2021,
PR-40025433,,"ROSTREVOR COLLEGE","Rostrevor College","Rostrevor College, 67-91 Glen Stuart Rd",WOODFORDE,SA,5072,20/12/2021,
PR-40025631,,"WINIC Pty Ltd",,"PO Box 446",STIRLING,SA,5152,23/03/2021,
PR-00011171,,"ST MICHAELS LUTHERAN SCHOOL HAHNDORF",,"6 BALHANNAH RD",HAHNDORF,SA,5245,02/10/2025,
PR-00011253,,"THE LITTLE WINGS ELC PTY LTD","The Little Wings ELC","45A RELLUM RD",GREENACRES,SA,5086,20/11/2025,"If the approved provider submits PA08 notifications to add person/s with management and control, the person/s will be required to complete National Law testing in accordance with Section 14 (3) of the National Law, unless this has successfully been completed in another jurisdiction."
PR-00011271,,"EVANSTON GDNS PRIMARY SCHOOL COUNCIL INC",,"Evanston Gardens Primary School, 71 Angle Vale Road","Evanston Gardens",SA,5116,25/11/2025,
PR-00011305,,"WOODLANDS EDINBURGH PTY LTD","WOODLANDS EDINBURGH","1-5 STURTON RD",EDINBURGH,SA,5111,01/12/2025,
PR-40017946,,"Goolwa Primary School Council Inc","Goolwa Primary School OSHC","Gardiner Street",GOOLWA,SA,5214,18/12/2018,
PR-40017953,,"Kozy Kids Golden Grove Pty Ltd","Kozy Kids Golden Grove Pty Ltd","Lot 901  The Golden Way","GOLDEN GROVE",SA,5125,05/11/2018,
PR-40018046,,"Precious Cargo Plympton Pty Ltd","Precious Cargo Plympton","PO Box 1691","MOUNT BARKER",SA,5251,14/11/2018,
PR-40018129,,"Mount Barker Family House Inc","Mount Barker Community Centre","3 Dumas St","MOUNT BARKER",SA,5251,07/03/2019,
PR-40018589,,"AO Education (Salisbury) Pty Ltd","Confident Kids Child Care & Early Learning Salisbury","PO Box 7505","WEST LAKES",SA,5021,26/03/2019,
PR-40002706,,"Mac's Emporium Pty Ltd","Mac's Emporium Pty Ltd","13 Rosemary St","WOODVILLE WEST",SA,5011,28/11/2014,
PR-40002717,,"MCLAREN FLAT PRIMARY SCHOOL COUNCIL","McLaren Flat Primary School Governing Council Incorporated","McLaren Flat Primary School, 49 Main Rd","MCLAREN FLAT",SA,5171,28/11/2014,
PR-40002915,,"Macclesfield Primary School Governing Council","Macclesfield Primary School Governing Council","Macclesfield Primary School, 1 Luck St",MACCLESFIELD,SA,5153,02/07/2015,
PR-40006829,,"Adelaide Early Learning Centre Pty Ltd","Adelaide Early Learning Centre Pty Ltd","L 1, 66 King William St",ADELAIDE,SA,5000,22/03/2016,
PR-00010196,,"MONASH PRIMARY AND PRESCHOOL GOVERNING COUNCIL INC","Monash OSHC","MONASH PRIMARY SCHOOL, 22 JACKSON ST",MONASH,SA,5342,03/12/2024,
PR-00010222,,"CROOKMONT PTY LIMITED","Jessie's Place","32 ACKLAND AV","CHRISTIES BEACH",SA,5165,29/01/2025,
PR-00010284,,"Rochelle Anne Nagel","Watch Me Grow Family Day Care","6 COOKE ST","MURRAY BRIDGE",SA,5253,23/01/2025,
PR-40022738,,"Bree-Bee's Early Learning Services PTY LTD","Cummins Early Learning Centre","PO Box 2770","PORT LINCOLN",SA,5606,02/07/2020,
PR-00007116,,"Nuriootpa Community Children's Centre Inc","Nuriootpa Community Children's Centre Inc","14 Park Avenue",NURIOOTPA,SA,5355,01/01/2012,
PR-00007126,,"Yankalilla Community Children's Centre Inc","Yankalilla Community Children's Centre Inc","208 MAIN SOUTH RD",YANKALILLA,SA,5203,01/01/2012,
PR-40014114,,"Faith Lutheran College Inc","Faith Lutheran College Early Learning Centre","130 Magnolia Rd",TANUNDA,SA,5352,21/12/2017,
PR-40014138,,"SADDLEWORTH PRIMARY SCHOOL COUNCIL INC","SADDLEWORTH PRIMARY SCHOOL COUNCIL INC","7 Saddle Road",SADDLEWORTH,SA,5413,15/03/2018,
PR-40014161,,"PRECIOUS CARGO WELLAND PTY LTD","Precious Cargo Welland","PO Box 1691","MT BARKER",SA,5251,12/02/2018,
PR-40014293,,"Catholic Church Early Years Incorporated",,"PO Box 179","TORRENSVILLE PLAZA",SA,5031,19/01/2018,
PR-40014331,,"Precious Cargo Gilbert Place Pty Ltd","Precious Cargo Gilbert Place","PO Box 1691","MOUNT BARKER",SA,5251,13/02/2018,
PR-40014332,,"Precious Cargo Port Adelaide Pty Ltd","Precious Cargo Port Adelaide","PO Box 1691","MOUNT BARKER",SA,5251,12/02/2018,
PR-40014571,,"Precious Cargo Marion Pty Ltd","Precious Cargo Marion","PO Box 1691","MOUNT BARKER",SA,5251,13/02/2018,
PR-40014572,,"Treasured Tots Brahma Lodge Pty Ltd","Treasured Tots Brahma Lodge","PO Box 1691","MOUNT BARKER",SA,5251,12/02/2018,
PR-40014643,,"Precious Cargo Lockleys Pty Ltd","Precious Cargo Lockleys","PO Box 1691","MOUNT BARKER",SA,5251,05/03/2018,
PR-40001123,,"St Agnes Primary School Governing Council Inc","St Agnes OSHC","250 Smart Rd","ST AGNES",SA,5097,03/10/2013,
PR-40001142,,"Mrs Maria Morello","Morello's OSHC & Vacation Care","6 Amberley Ct",FINDON,SA,5023,27/09/2013,
PR-40001154,,"Watervale Primary School Governing Council Inc","Watervale OSHC","27 Main North Road",WATERVALE,SA,5452,25/10/2013,
PR-40001253,,"Montessori House Pty Ltd","Adelaide Montessori","131a Morphett Rd",MORPHETTVILLE,SA,5043,18/12/2013,
PR-40001361,,"HAPPY HAVEN OSHC PTY LTD","Happy Haven OSHC","PO Box 318","MODBURY NORTH",SA,5092,20/12/2013,
PR-40001376,,"Marion Primary School Council Inc","Marion Primary School Council Inc","Marion Primary School, 2-22 Malcolm Ave",MARION,SA,5043,10/02/2014,
PR-40001420,,"O'Halloran Hill Childcare Pty Ltd","O'Halloran Hill Childcare Pty Ltd","2 Cypress Dr","MORPHETT VALE",SA,5162,20/12/2013,
PR-40001423,,"Felixstow Primary School Governing Council Incorporated","Felixstow Primary School Governing Council Incorporated","5-11 Briar Rd",FELIXSTOW,SA,5070,30/12/2013,
PR-40030110,,"Parndana Community Children's Centre Incorporated","Parndana Community Children's Centre","9 Anzac Street",PARNDANA,SA,5220,01/09/2022,
PR-40030595,,"WESTCARE EARLY LEARNING CENTRE PTY LTD","Westcare Early Learning Centre","4 Kybunga Tce","LARGS NORTH",SA,5016,13/12/2022,
PR-40028240,,"TRACEY THORNHILL EARLY CHILDHOOD BUSINESS CONSULTANT PTY LTD","Elite Early Education","60 Broadway","SOUTH BRIGHTON",SA,5048,22/02/2022,
PR-40028353,,"Dara Village Incorporated","Dara School","4 Gordon Terrace",MORPETTVILLE,SA,5043,03/03/2022,
PR-40028515,,"ARMAGHAN'S EARLY LEARNING CENTRE PTY LTD","Armaghan's Early Learning Centre","940 North East Rd",MODBURY,SA,5092,01/07/2022,
PR-40028601,,"Lotus Education Pty Ltd",,"U 2  11-13 Ormond Ave",CLEARVIEW,SA,5085,20/05/2022,
PR-40028939,,"AO EDUCATION (HOLDEN HILL) PTY LTD","Confident Kids Childcare & Early Learning Holden Hill","PO Box 7505","WEST LAKES",SA,5021,31/05/2022,
PR-40029055,,"BUSY KIDS STREAKY BAY PTY LTD","Busy Kids Streaky Bay","762 Gawler One Tree Hill Rd",BIBARINGA,SA,5118,19/08/2022,
PR-40005026,,"AO EDUCATION PTY LTD",,"PO Box 7505","WEST LAKES",SA,5021,11/09/2015,
PR-40005176,,"PRECIOUS CARGO BLACKWOOD PTY LTD","Precious Cargo Blackwood P/L","PO Box 1691","MOUNT BARKER",SA,5251,25/08/2015,
PR-40012472,,"Investigator College Incorporated","Investigator College","Lot 1  Bacchus Rd","VICTOR HARBOR",SA,5211,09/02/2018,
PR-40012859,,"Home2Home Early Education and Care Pty Ltd","Home2Home Early Education and Care Pty Ltd","407 Anzac Hwy","CAMDEN PARK",SA,5038,04/12/2017,
PR-40012942,,"Josephine Carmen Zotti","Play Learn Thrive Early Learning Centre","10 Stafford St",ADELAIDE,SA,5000,08/02/2018,
PR-40036087,,"MCKAY CHILDREN'S CENTRE CHILDCARE INCORPORATED",,"7 Scott St",PENOLA,SA,5277,04/03/2024,
PR-00006844,,"South Australian Commission for Catholic Schools Incorporated","South Australian Commission for Catholic Schools Incorporated","PO BOX 179","TORRENSVILLE PLAZA",SA,5031,01/01/2012,
PR-00006845,,"Blackfriars Priory School Incorporated","Blackfriars Priory School Incorporated","PO Box 86",PROSPECT,SA,5082,01/01/2012,
PR-00006846,,"Brompton Children's Centre Incorporated","Brompton Children's Centre Incorporated","1 Wattle Street",BROMPTON,SA,5007,01/01/2012,
PR-00006847,,"Campbelltown Community Children's Services Inc","Campbelltown Community Children's Services Inc","163A Montacute Rd",NEWTON,SA,5074,01/01/2012,
PR-00006849,,"Chancery Lane Montessori Pre-School Pty Ltd","Chancery Lane Montessori Pre-School Pty Ltd","PO Box 4036","TRANMERE NORTH",SA,5073,01/01/2012,
PR-00006850,,"Grey Ward Children's Centre Inc","Grey Ward Children's Centre Inc","253 Wright Street",ADELAIDE,SA,5000,01/01/2012,
PR-00006851,,"Halifax St Children's Centre & Preschool Inc","Halifax St Children's Centre & Preschool","257 Halifax St ",ADELAIDE,SA,5000,01/01/2012,
PR-00006853,,"Memorial Oval Primary School Governing Council","Memorial Oval Primary School Governing Council","PO BOX 408",WHYALLA,SA,5600,01/01/2012,
PR-00006854,,"TYNDALE CHRISTIAN SCHOOL - STRATHALBYN INCORPORATED.","Tyndale Christian School - Strathalbyn Inc","Tyndale Christian School Strat, 28 East Tce",STRATHALBYN,SA,5255,01/01/2012,
PR-00006855,,"Pembroke School Incorporated","Pembroke School Early Learning Centre","4 Holden Street","KENSINGTON PARK",SA,5068,01/01/2012,
PR-00006856,,"Portside Christian College Inc","Portside Christian College","1 CAUSEWAY RD","NEW PORT",SA,5015,01/01/2012,
PR-00006857,,"Salisbury Lutheran Kindergarten","Salisbury Lutheran Kindergarten","10 Waterloo Corner Road",SALISBURY,SA,5108,01/01/2012,
PR-00006858,,"Southern Montessori Education Centre Inc","Southern Montessori Education Centre","53 Galloway Road","O'SULLIVAN BEACH",SA,5166,01/01/2012,
PR-00006859,,"St George College","St George College","54 Rose Street ","MILE END ",SA,5031,01/01/2012,
PR-00006860,,"CONCORDIA COLLEGE INC","Concordia College Inc","20 Highgate Street",HIGHGATE,SA,5063,01/01/2012,
PR-00006861,,"St Martins Lutheran College","St Martins Lutheran College","St Martins Drive","MOUNT GAMBIER",SA,5290,01/01/2012,
PR-00006865,,"Seventh-day Adventist Schools (South Australia) Limited","Seventh-day Adventist Schools (South Australia) Limited","140 Pimpala Road","MORPHETT VALE",SA,5162,01/01/2012,
PR-00006893,,"Fairview Park Primary School Governing Council Inc",,"Nepondi Court","FAIRVIEW PARK",SA,5126,01/01/2012,
PR-00006903,,"Flinders Park Primary School Council Inc - Fulham North Combined",,"1 Cheadle Street","HENLEY BEACH",SA,5022,01/01/2012,
PR-40026963,,"LITTLE SHINING STAR EARLY LEARNING CENTRE POORAKA PTY LTD","Little Shining Stars Early Learning Centre - Pooraka","21 KATOOMBA RD",BEAUMONT,SA,5066,01/12/2021,
PR-40011949,,"Advanced Early Learning Centre Pty Ltd","Advanced Early Learning Centre Pty Ltd","362 Portrush Rd",TUSMORE,SA,5065,27/06/2017,
PR-40012000,,"EZ Education PTY LTD",,"593 Glynburn Rd","HAZELWOOD PARK",SA,5066,13/12/2017,
PR-40012084,,"Gatehouse Montessori Pty Ltd","Gatehouse Montessori","8 Yarrow Cres","HOPE VALLEY",SA,5090,27/07/2017,
PR-40012129,,"Wendy's ELC Management Pty Ltd",,"47 Glen Osmond Rd",EASTWOOD,SA,5063,05/01/2018,
PR-40019889,,"DISTRICT COUNCIL OF KAROONDA EAST MURRAY","Mallee Kids Child Care","11 Railway Tce",KAROONDA,SA,5307,28/06/2019,
PR-40020190,,"Best Childcare Pty Ltd","Best Childcare Pty Ltd","PO Box 80","PORT WAKEFIELD",SA,5550,19/08/2019,
PR-00010629,,"Gawler Lutheran Schools Incorporated",,"IMMANUEL LUTHERAN SCHOOL, 11 LYNDOCH RD","GAWLER EAST",SA,5118,15/05/2025,
PR-00010635,,"INSPIRING GROWING MINDS PTY LTD",,"41 KAURI PDE",SEACLIFF,SA,5049,21/05/2025,
PR-00005977,,"Aberfoyle Campus School OSHC Inc","Aberfoyle Campus Schools Outside School Hours Care Inc School of the Nativity","PO Box 433","FLAGSTAFF HILL",SA,5159,01/01/2012,
PR-00005978,,"Aberfoyle Hub Community Childrens Centre","Aberfoyle Hub Community Childrens Centre","Aberfoyle Hub Child Care Centr, 34 Taylors Rd","ABERFOYLE PARK",SA,5159,01/01/2012,
PR-00005979,,"Aberfoyle Hub Primary School Council Inc","Aberfoyle Hub Primary School Council Inc","Aberfoyle Hub Primary School/J, 29 Jeanette Cres","ABERFOYLE PARK",SA,5159,01/01/2012,
PR-00005981,,"Rose Park Community Childcare Inc","Rose Park Community Childcare Incorporated","22 Watson Avenue, Rose Park SA","ROSE PARK",SA,5067,01/01/2012,
PR-00005983,,"Adelaide University Childcare Services Inc","Adelaide University Childcare Services Inc","C/- Waite Campus Children Centre, PMB1","GLEN OSMOND",SA,5064,01/01/2012,
PR-00005986,,"Alberton Primary School Council Inc","Alberton Primary School Council Inc","ALBERTON PRIMARY SCHOOL, 14 BROAD ST",QUEENSTOWN,SA,5014,01/01/2012,
PR-00005987,,"Aldgate Primary School Council Inc","Aldgate Primary School Council Inc","Aldgate Primary School, 3 Fairview Rd",ALDGATE,SA,5154,01/01/2012,
PR-00005988,,"Aldinga Beach Primary School","Aldinga Beach R-7 Governing Council","ALDINGA PRIMARY SCHOOL, 58 QUINLIVEN RD","ALDINGA BEACH",SA,5173,01/01/2012,
PR-00005989,,"Aldinga Community Children's Centre Management Committee","Aldinga Community Children's Centre Management Committee","ALDINGA COMMUNITY CHILD CARE C, 63 BUTTERWORTH RD","ALDINGA BEACH",SA,5173,01/01/2012,
PR-00005990,,"Allenby Gardens Primary School Council","Allenby Gardens Primary School Council","33 Barham St","ALLENBY GARDENS",SA,5009,01/01/2012,
PR-00005991,,"Allendale East Area School Council Inc","Allendale East Area School Council Inc","C/- Post Office","ALLENDALE EAST",SA,5291,01/01/2012,
PR-00005992,,"Angle Vale Primary School Council Inc","Angle Vale Primary School Council Inc","Heaslip Rd","ANGLE VALE",SA,5117,01/01/2012,
PR-00005993,,"Anglicare SA Inc","Anglicare SA Inc","AnglicareSA, 159 Port Rd",HINDMARSH,SA,5007,01/01/2012,
PR-00005994,,"Annesley College","Annesley College","28 Rose Terrace",WAYVILLE,SA,5034,01/01/2012,
PR-00005996,,"Ardtornish Primary School Council","Ardtornish Primary School Council","Ardtornish Primary School OSHC, 2 Saarinen Avenue","ST AGNES",SA,5097,01/01/2012,
PR-00005998,,"Athelstone Primary School Council Inc","Athelstone Primary School Council Inc","8 BROOKSIDE RD",ATHELSTONE,SA,5076,01/01/2012,
PR-00005999,,"Child Care Services Australia Pty Ltd","Ms Judith Mary Atkinson","267 Salisbury Highway","SALISBURY DOWNS",SA,5108,01/01/2012,
PR-00006001,,"Babthorpe Pty Ltd","Babthorpe Pty Ltd","C/- 8 Balfour Road",SPRINGFIELD,SA,5062,01/01/2012,
PR-00006002,,"Banksia Park School Council","Banksia Park School Council","1-5 Cottenham Road","BANKSIA PARK",SA,5091,01/01/2012,
PR-00006003,,"Cedars Montessori Pty Ltd","Cedars Montessori Preschool","PO Box 4036","TRANMERE NORTH",SA,5073,01/01/2012,
PR-00006004,,"Barmera Primary School Council Inc","Barmera Primary School Council Inc","1 Rumbold Drive",BARMERA,SA,5345,01/01/2012,
PR-00006005,,"Barossa Outside School Hours Care Service Inc","Barossa Outside School Hours Care Service Inc","PO Box 646",NURIOOTPA,SA,5355,01/01/2012,
PR-00006006,,"Belair Primary School Council","Belair Primary School Council","45-83 Main Rd",BELAIR,SA,5052,01/01/2012,
PR-00006007,,"Bellevue Heights Primary School Council","Bellevue Heights Primary School Council","Bellevue Heights Primary School, 7-19 Vaucluse Cres","BELLEVUE HEIGHTS",SA,5050,01/01/2012,
PR-00006008,,"Berri Primary School Council Inc","Berri Primary School Council Inc","11 Sultana Street",BERRI,SA,5343,01/01/2012,
PR-00006009,,"The Management Committee, Berri Regional Child Care Centre Inc","The Management Committee, Berri Regional Child Care Centre Inc","1b Fiedler St",BERRI,SA,5343,01/01/2012,
PR-00006010,,"Birdwood Primary School Council Inc","Birdwood Primary School Council Inc","1 Shannon Street",BIRDWOOD,SA,5234,01/01/2012,
PR-00006011,,"Black Forest Primary School Council Inc","Black Forest Primary School Council Inc","Black Forest Primary School, 679 South Rd","BLACK FOREST",SA,5035,01/01/2012,
PR-00006013,,"Blackwood Community Child Care Centre Inc.","Blackwood Community Child Care Centre Inc.","5 Bighton Pde",BLACKWOOD,SA,5051,01/01/2012,
PR-00006014,,"Blackwood Primary School Governing Council","Blackwood Primary School Governing Council","Blackwood Primary School, 4 Seymour St","EDEN HILLS",SA,5050,01/01/2012,
PR-00006015,,"Prospect North Primary School Council Inc","Blair Athol Primary School Council Inc","30 Stuart Road",PROSPECT,SA,5082,01/01/2012,
PR-00006016,,"BLAKEVIEW PRIMARY SCHOOL COUNCIL INC","Blakeview Primary School OSHC","Blakeview Primary School, 3 Omega Dr",BLAKEVIEW,SA,5114,01/01/2012,
PR-00006017,,"Blue Skies SA Pty Ltd","Blue Skies SA Pty Ltd","Blue Skies Care 17 Famechon Cres","MODBURY NORTH",SA,5092,01/01/2012,
PR-00006018,,"Blyth Primary School Council Inc","Blyth Primary School Council Inc","PO Box 18",BLYTH,SA,5462,01/01/2012,
PR-00006019,,"Braeview Primary School Council Inc","Braeview Primary School Council Inc","1 Montana Dr","HAPPY VALLEY",SA,5159,01/01/2012,
PR-00006021,,"Bridgewater Primary School  Council Inc","Bridgewater Primary School Council Inc","46 Morella Gr",BRIDGEWATER,SA,5155,01/01/2012,
PR-00006022,,"Brighton Primary School Council Inc (SA)","Brighton Primary School Council Inc (SA)","1 Highet Ave",BRIGHTON,SA,5048,01/01/2012,
PR-00006023,,"Brompton Primary School Council Inc","Brompton Primary School Council Inc","1 Napier St","RENOWN PARK",SA,5008,01/01/2012,
PR-00006025,,"Burnside Child Care Centre Pty Ltd for Taylor Family Trust","Burnside Child Care Centre Pty Ltd for Taylor Family Trust","362 Portrush Road",TUSMORE,SA,5065,01/01/2012,
PR-00006026,,"Burnside Primary School Council Inc","Burnside Primary School Council Inc","11 High St",BURNSIDE,SA,5006,01/01/2012,
PR-00006027,,"Burra Community School Council Inc","Burra Community School Council Inc","7 Bridge Terrace",BURRA,SA,5417,01/01/2012,
PR-00006028,,"Burton R-7 Primary School Council Inc","Burton R-7 Primary School Council Inc","3 ANNALISA CT","GULFVIEW HEIGHTS",SA,5096,01/01/2012,
PR-00006029,,"Burton Road Child Care and Early Learning Centre Pty Ltd",,"864 Heaslip Rd","MACDONALD PARK",SA,5121,01/01/2012,
PR-00006030,,"CHILDREN'S EDUCATIONAL CARE CENTRE (SA) PTY LTD",,"531 Glynburn Road","HAZELWOOD PARK",SA,5066,01/01/2012,
PR-00006031,,"Cafe Enfield Child Care Centre Inc","Cafe Enfield Child Care Centre Inc","17a Wilkins Street",ENFIELD,SA,5085,01/01/2012,
PR-40008680,,"BETHANY CHRISTIAN SCHOOL INC","Bethany Christian School Inc","PO Box 2125","SALISBURY DOWNS",SA,5108,08/09/2016,
PR-40008896,,"1st Impressions Education Group Pty Ltd","1st Impressions Education Group Pty Ltd","179-181 Main North Rd",NAILSWORTH,SA,5083,01/11/2016,
PR-40016142,,"Precious Cargo Collinswood (North East Rd) Pty Ltd","Precious Cargo Collinswood","PO Box 1691","MT BARKER",SA,5251,05/06/2018,
PR-40016145,,"Precious Cargo Woodville Park (Port Rd) Pty Ltd","Precious Cargo Woodville Park","PO Box 1691","MT BARKER",SA,5251,05/06/2018,
PR-40016197,,"King's Baptist Grammar School Inc","King's Baptist Grammar School","King's Baptist Grammar School, 3 Keithcot Farm Dr","WYNN VALE",SA,5127,08/05/2019,
PR-00006032,,"Callington Primary School Council Inc","Callington Primary School Council Inc","North Terrace",CALLINGTON,SA,5254,01/01/2012,
PR-00006033,,"Calvary Lutheran Primary School Inc","Calvary Lutheran Primary School Inc","5 Windsong Ct","MORPHETT VALE",SA,5162,01/01/2012,
PR-00006035,,"Camden Park Child Care Centre Incorporated","Camden Park Child Care Centre","13-15 Carlisle Street","CAMDEN PARK",SA,5038,01/01/2012,
PR-00006039,,"Ceduna Community Children's Centre Inc","Ceduna Community Children's Centre Inc","P.O. Box 588",CEDUNA,SA,5690,01/01/2012,
PR-00006042,,"Child Care Services SA Pty Ltd","Child Care Services SA Pty Ltd","Highway Child Care Centre, 267 Salisbury Hwy","SALISBURY DOWNS",SA,5108,01/01/2012,
PR-00006045,,"Christian Brothers College Inc","Christian Brothers College Inc","324 Wakefield St",ADELAIDE,SA,5000,01/01/2012,
PR-00006046,,"Christies Beach Primary School Council","Christies Beach Primary School Council","Christies Beach Primary School, 46 Maturin Ave","CHRISTIES BEACH",SA,5165,01/01/2012,
PR-00006047,,"City Community Children’s Centre Inc","City Community Children’s Centre Inc","104 Gilbert Street",ADELAIDE,SA,5000,01/01/2012,
PR-00006048,,"City of Norwood, Payneham and St Peters","City of Norwood, Payneham and St Peters","175 The Parade",NORWOOD,SA,5067,01/01/2012,
PR-00006050,,"Clapham Primary School Council Inc","Clapham Primary School Council Inc","Clapham Primary School,  48 Barretts Rd",CLAPHAM,SA,5062,01/01/2012,
PR-00006051,,"Clare Primary School Council Inc","Clare Primary School Council Inc","137 Main North Road",CLARE,SA,5453,01/01/2012,
PR-00006052,,"Clovelly Park Primary School Council","Clovelly Park Primary School Council","1 Renown Pl","CLOVELLY PARK",SA,5042,01/01/2012,
PR-00006054,,"Colonel Light Gardens Primary School Council Inc","Colonel Light Gardens Primary School OSHC","1 Windsor Ave","COLONEL LIGHT GARDENS",SA,5041,01/01/2012,
PR-00006055,,"Community Child Care Centre at Flinders Medical Centre","Community Child Care Centre at Flinders Medical Centre","Flinders Medical Centre, Flinders Drive","BEDFORD PARK",SA,5042,01/01/2012,
PR-00006056,,"Community Child Care Centre Inc","Community Child Care Centre Inc","110 Young Street",PARKSIDE,SA,5063,01/01/2012,
PR-00006058,,"Conyngham Street Community Children's Centre Inc","Conyngham Street Community Children's Centre Inc","34 Conyngham Street",GLENSIDE,SA,5065,01/01/2012,
PR-00006059,,"Coober Pedy Area School Council Inc","Coober Pedy Area School Council Inc","PO Box 353, Paxton Road","COOBER PEDY",SA,5723,01/01/2012,
PR-00006061,,"Coromandel Valley Primary School Council Inc","Coromandel Valley Primary School Council Inc","339 Main Rd","COROMANDEL VALLEY",SA,5051,01/01/2012,
PR-00006062,,"Cowandilla Primary School Council Inc","Cowandilla Primary School Council Inc","21 Jenkins St",COWANDILLA,SA,5033,01/01/2012,
PR-00006064,,"Craigburn Primary School Council Inc","Craigburn Primary School Council Inc","Craigburn Primary School, 15 Murrays Hill Rd","FLAGSTAFF HILL",SA,5159,01/01/2012,
PR-00006065,,"Hope Christian College Inc","Hope Christian College","213 Yorktown Road",CRAIGMORE,SA,5114,01/01/2012,
PR-00006069,,"Department for Education","Department for Education","GPO Box 1152",ADELAIDE,SA,5001,01/01/2012,
PR-00006071,,"Dernancourt School R-7 Council Inc","Dernancourt School R-7 Council Inc","29 Parsons Rd",DERNANCOURT,SA,5075,01/01/2012,
PR-00006073,,"Diagonal Road Community Children's Centre Incorporated","Diagonal Road Community Children's Centre Incorporated","PO Box 115","OAKLANDS PARK",SA,5046,01/01/2012,
PR-00006074,,"District Council of Coober Pedy","District Council of Coober Pedy","Po Box 392","COOBER PEDY",SA,5723,01/01/2012,
PR-00006076,,"Eagleton and Gwatking Pty Ltd","Eagleton and Gwatking Pty Ltd","234 Pimpala Road",WOODCROFT,SA,5162,01/01/2012,
PR-00006077,,"Early Steps Group Pty Ltd","Early Steps Group Pty Ltd","346-348 Montague Rd","PARA VISTA",SA,5093,01/01/2012,
PR-00006078,,"East Adelaide Primary School Council Inc","East Adelaide Primary School Council Inc","57-59 SECOND AV","ST PETERS",SA,5069,01/01/2012,
PR-00006079,,"East Marden Primary School Council Inc","East Marden Primary School Council Inc","East Marden Primary School, 43 James St",CAMPBELLTOWN,SA,5074,01/01/2012,
PR-00006080,,"East Para Primary School Council Inc","East Para Primary School Council Inc","Para Hills East Primary School, PO Box 76","PARA HILLS",SA,5096,01/01/2012,
PR-00006081,,"East Torrens Primary School Council","East Torrens Primary School Council","EAST TORRENS PRIMARY SCHOOL, 12 ROBSON RD",HECTORVILLE,SA,5073,01/01/2012,
PR-00006082,,"Echunga Primary School Council Inc","Echunga Primary School Council Inc","802 Echunga Rd",ECHUNGA,SA,5153,01/01/2012,
PR-00006085,,"Edwardstown Primary School Council","Edwardstown Primary School Council","1 Maria St","MELROSE PARK",SA,5039,01/01/2012,
PR-00006087,,"Elizabeth Grove Primary School Council","Elizabeth Grove Primary School Council","Elizabeth Grove Primary School, 20 Haynes St","ELIZABETH GROVE",SA,5112,01/01/2012,
PR-00006088,,"Elizabeth North Primary School Council","Elizabeth North Primary School Council","Woodford Rd","ELIZABETH NORTH",SA,5113,01/01/2012,
PR-00006090,,"EMALI CHILDCARE PTY LTD","Emali Childcare Pty Ltd","GPO Box 2801",ADELAIDE,SA,5001,01/01/2012,
PR-00006092,,"Emu Community Children's Centre Inc","Emu Community Children's Centre Inc","52 Wheatsheaf Road","MORPHETT VALE",SA,5162,01/01/2012,
PR-00006093,,"Encounter Lutheran College Inc","Encounter Lutheran College Inc","64 Adelaide Road","VICTOR HARBOR",SA,5211,01/01/2012,
PR-00006095,,"Evansle Pty Ltd","Evansle Pty Ltd","40 Mabel Street",STIRLING,SA,5152,01/01/2012,
PR-00006098,,"First Steps (SA) Pty Ltd","First Steps (SA) Pty Ltd","13 Rosemary Street","WOODVILLE WEST",SA,5011,01/01/2012,
PR-00006100,,"Flagstaff Hill Primary School Council Inc","Flagstaff Hill Primary School Council Inc","145 Black Road","FLAGSTAFF HILL",SA,5159,01/01/2012,
PR-00006101,,"Flaxmill School (P-7) Governing Council","Flaxmill School (P-7) Governing Council","80 Flaxmill Road","MORPHETT VALE",SA,5162,01/01/2012,
PR-00006103,,"Flinders Park Primary School Council Inc","Flinders Park Primary School Council Inc","70 Holbrooks Road, Flinders Park,","FLINDERS PARK - SA",SA,5025,01/01/2012,
PR-00006104,,"Flinders University Child Care Centre Inc","Flinders University Child Care Centre Inc","Sturt Drive","BEDFORD PARK",SA,5042,01/01/2012,
PR-00006105,,"Forbes Children's Centre (Childcare)","Forbes Children's Centre (Childcare)","80 Thomas Street","SOUTH PLYMPTON",SA,5038,01/01/2012,
PR-00006106,,"Forbes Primary Schools Council Inc","Forbes Primary Schools Council Inc","Forbes Primary School, 80 Thomas Street","SOUTH PLYMPTON",SA,5038,01/01/2012,
PR-00006107,,"Freeling Primary School Council Inc","Freeling Primary School Council Inc","PO Box 82",FREELING,SA,5372,01/01/2012,
PR-00006108,,"Fuzz - Baby P/L AFT Caran Trading Trust","Fuzz - Baby P/L AFT Caran Trading Trust","50 Beaufort Street","WOODVILLE PARK",SA,5011,01/01/2012,
PR-00006111,,"Montessori Children's Centre Royal Park Pty Ltd","Ms Kera Gardiner","PO Box 2173","MAGILL NORTH",SA,5072,01/01/2012,
PR-00006112,,"Gawler Community Child Care Centre Inc","Gawler Community Child Care Centre Inc","46 CALTON RD","GAWLER EAST",SA,5118,01/01/2012,
PR-00006114,,"Gilles Street Primary School Council Inc","Gilles Street Primary School Council Inc","91-93 GILLES ST",ADELAIDE,SA,5000,01/01/2012,
PR-00006115,,"Glen Osmond Primary School Council Inc","Glen Osmond Primary School Council Inc","5-7 Fisher St","MYRTLE BANK",SA,5064,01/01/2012,
PR-00006116,,"Glenelg Community Child Care Centre Inc","Glenelg Community Child Care Centre Inc","28 Kibby Avenue","GLENELG NORTH",SA,5045,01/01/2012,
PR-00006117,,"Glenelg Primary School Council Inc","Glenelg Primary School Council Inc","1 Diagonal Rd","GLENELG EAST",SA,5045,01/01/2012,
PR-00006118,,"Golden Grove Homestead Community Child Care Centre Inc","Golden Grove Homestead Community Child Care Centre Inc","1 Erudite Ct","GOLDEN GROVE",SA,5125,01/01/2012,
PR-00006119,,"Golden Grove Lutheran School","Golden Grove Lutheran School","21 - 23 Richardson Drive","WYNN VALE",SA,5127,01/01/2012,
PR-00006120,,"Golden Grove Primary School Council Inc","Golden Grove Primary School Council Inc","140 Bicentennial Drive","GOLDEN GROVE",SA,5125,01/01/2012,
PR-00006121,,"Good Shepherd Lutheran School Angaston","Good Shepherd Lutheran School Angaston","7 Neldner Street",ANGASTON,SA,5353,01/01/2012,
PR-00006122,,"Good Shepherd Lutheran School Para Vista Inc","Good Shepherd Lutheran School Para Vista Inc","388 Montague Rd","PARA VISTA",SA,5093,01/01/2012,
PR-00006124,,"Goodwood Community Child Care Centre Inc","Goodwood Community Child Care Centre Inc","31 Rosa Street",GOODWOOD,SA,5034,01/01/2012,
PR-00006125,,"Goodwood Primary School Council Inc","Goodwood Primary School Council Inc","Goodwood Primary School, 140 Goodwood Rd",GOODWOOD,SA,5034,01/01/2012,
PR-00006126,,"Grange Primary School Council Inc","Grange Primary School Council","39C Jetty Street",GRANGE,SA,5022,01/01/2012,
PR-00006127,,"Greenwith Child Care Centre Pty Ltd","Greenwith Child Care Centre Pty Ltd","1699 Golden Grove Road",GREENWITH,SA,5125,01/01/2012,
PR-00006128,,"Hardeake Pty Ltd","Hardeake Pty Ltd","151 Sturt Road","DOVER GARDENS",SA,5048,01/01/2012,
PR-00006129,,"Gulfview Heights Primary School Governing Council Inc","Gulfview Heights Primary School Governing Council Inc","39 Kiekebusch Road","GULFVIEW HEIGHTS",SA,5096,01/01/2012,
PR-00006130,,"Gumeracha Primary School Council Inc","Gumeracha Primary School Council Inc","Gumeracha Primary School, 1 Albert St",GUMERACHA,SA,5233,01/01/2012,
PR-00006131,,"Hackham East School Council","Hackham East School Council","642 Collins Pde",HACKHAM,SA,5163,01/01/2012,
PR-00006132,,"Hackham West Children's Centre Inc","Hackham West Children's Centre Inc","9 Vintners Walk","HACKHAM WEST",SA,5163,01/01/2012,
PR-00006133,,"Hahndorf Primary School Council Inc","Hahndorf Primary School Council Inc","12 Church Street",HAHNDORF,SA,5245,01/01/2012,
PR-00006134,,"Hallett Cove Community Children's Centre Incorporated","Hallett Cove Community Children's Centre Incorporated","5 Ramrod Avenue","HALLETT COVE",SA,5158,01/01/2012,
PR-00006135,,"Hallett Cove East Primary School Council","Hallett Cove East Primary School Council","Hallett Cove East Primary Scho, 21-27 Quailo Ave","HALLETT COVE",SA,5158,01/01/2012,
PR-00006136,,"Hallett Cove School Council Inc","Hallett Cove School Council Inc","2-32 Gledsdale Road","HALLETT COVE",SA,5158,01/01/2012,
PR-00006137,,"Hallett Cove Sth Primary School Governing Council Inc","Hallett Cove South Primary School Governing Council Inc","Livonia Street","HALLET COVE",SA,5158,01/01/2012,
PR-00006138,,"Hampstead Primary School Council Inc","Hampstead Primary School Council Inc","Hampstead Primary School, 38-56 Muller Rd",GREENACRES,SA,5086,01/01/2012,
PR-00006139,,"WINDYBANKS CHILDCARE CENTRE PTY LTD","Alexandra Hands","82 Fairlie Dr","FLAGSTAFF HILL",SA,5159,01/01/2012,
PR-00006140,,"Happy Valley Community Children's Centre Inc","Happy Valley Community Children's Centre Inc","51B OAKRIDGE RD","ABERFOYLE PARK",SA,5159,01/01/2012,
PR-00006141,,"Happy Valley School Council Inc","Happy Valley School Council Inc","Happy Valley Primary School, 18 Education Rd","HAPPY VALLEY",SA,5159,01/01/2012,
PR-00006142,,"Hawthorndene Primary School Council Inc","Hawthorndene Primary School Council Inc","Hawthorndene Primary School, Suffolk Rd",HAWTHORNDENE,SA,5051,01/01/2012,
PR-00006143,,"Hendon Primary School Governing Council Inc","Hendon Primary School Governing Council Inc","Cedar Ave","ROYAL PARK",SA,5014,01/01/2012,
PR-00006144,,"Hewett Primary School Governing Council","Hewett Primary School Governing Council","Kingfisher Drive",HEWETT,SA,5118,01/01/2012,
PR-00006145,,"Highbury Primary School Council Inc","Highbury Primary School Council Inc","Highbury Primary School, 1 Payne St","HOPE VALLEY",SA,5090,01/01/2012,
PR-00006146,,"Highgate School Council Inc","Highgate School Council Inc","4 Hempstead Avenue",HIGHGATE,SA,5063,01/01/2012,
PR-00006147,,"Hillbank Community Children's Centre Inc","Hillbank Community Children's Centre Inc","Penarth Court ",HILLBANK,SA,5112,01/01/2012,
PR-00006148,,"Hillcrest Primary School Council Inc","Hillcrest Primary School Council Inc","PO Box 207",GREENACRES,SA,5086,01/01/2012,
PR-00006150,,"HWJ ChildCare Services Pty Ltd","HWJ ChildCare Services Pty Ltd","16 Mornington Rd",UNLEY,SA,5061,01/01/2012,
PR-00006151,,"Il Nido Paradise Community Child Care Centre Inc","Il Nido Paradise Community Child Care Centre Inc","22 Campbell Road",PARADISE,SA,5075,01/01/2012,
PR-00006152,,"Ingle Farm East Primary School Council Inc","Ingle Farm East Primary School Council Inc","18 Halidon Street","INGLE FARM",SA,5098,01/01/2012,
PR-00006153,,"Ingle Farm Primary School Council Inc","Ingle Farm Primary School Council Inc","PO Box 423","INGLE FARM",SA,5098,01/01/2012,
PR-00006155,,"The Trustee for JAKANA CHILDCARE TRUST","Jakana Services Pty Ltd as Trustee for Jakana Childcare Trust","25 Boyd Crescent","WEST LAKES SHORE",SA,5020,01/01/2012,
PR-00006158,,"Randall Johncock","Mr Randall Johncock","7 Shiekie Place","WALKLEY HEIGHTS",SA,5098,01/01/2012,
PR-00006159,,"Joyful Rainbow Pty Ltd","Joyful Rainbow Pty Ltd","PO Box 266","PARK HOLME",SA,5043,01/01/2012,
PR-00006160,,"Kadina Child Care Centre Inc","Kadina Child Care Centre Inc","19 Doswell Terrace",KADINA,SA,5554,01/01/2012,
PR-00006162,,"Kangaroo Island Children's Services Inc","Kangaroo Island Children's Services Inc","50 Buller Street",KINGSCOTE,SA,5223,01/01/2012,
PR-00006164,,"Kapunda Primary School Council Inc","Kapunda Primary School Council Inc","PO Box 500",KAPUNDA,SA,5373,01/01/2012,
PR-00006165,,"Kate Cocks Community Children's Centre Inc.","Kate Cocks Community Children's Centre Inc.","33 Hulbert Street",HOVE,SA,5048,01/01/2012,
PR-00006167,,"Keithcot Farm Children's Centre Childcare Inc","Keithcot Farm Children's Centre Childcare Inc","5 Keithcot Farm Drive","WYNN VALE",SA,5127,01/01/2012,
PR-00006168,,"Keithcot Farm Primary School Council Inc","Keithcot Farm Primary School Council Inc","5 Keithcot Farm Drive","WYNN VALE",SA,5127,01/01/2012,
PR-00006169,,"Kersbrook Primary School Council Inc","Kersbrook Primary School Council Inc","Bowden Street",KERSBROOK,SA,5231,01/01/2012,
PR-00006172,,"Kidman Park Community Child Care Centre","Kidman Park Community Child Care Centre","2 Francis Street","KIDMAN PARK",SA,5025,01/01/2012,
PR-00006173,,"Kidman Park Primary School Council","Kidman Park Primary School Council","Dean Avenue","KIDMAN PARK",SA,5025,01/01/2012,
PR-40031602,,"Peppy Dragon Pty. Ltd.","Peppy Dragon Childcare & Education","36 Windsor Rd",GLENUNGA,SA,5064,09/02/2023,"The approved provider must, within three months of being granted provider approval, undertake professional development in the importance of play-based learning. "
PR-40032232,,"UNITY COLLEGE INC",,"Unity College, 45 Owl Dr","MURRAY BRIDGE",SA,5253,14/06/2023,
